frame,time_s,person,L Knee Flex,R Knee Flex,L Hip Flex,R Hip Flex,L Elbow Flex,R Elbow Flex,L Shoulder Flex,R Shoulder Flex,Trunk Inclination
0,0.000000,0,178.1044,172.5311,170.4078,176.1815,61.7885,,30.5278,,3.2134
1,0.050000,0,178.0390,172.9010,170.3105,176.1828,61.6864,,30.5113,,3.2525
2,0.100000,0,178.2997,174.0881,170.0542,175.6243,61.7470,,30.3666,,3.3962
3,0.150000,0,178.5900,174.4665,170.0959,175.4716,61.2762,,30.4307,,3.5005
4,0.200000,0,178.7932,174.3127,169.7977,175.4865,60.7806,,30.8419,,3.5423
5,0.250000,0,178.6825,174.8638,169.7257,175.6877,60.7786,,31.1016,,3.4347
6,0.300000,0,178.9588,175.8247,169.7791,175.3963,60.2518,,30.9305,,3.3951
7,0.350000,0,179.1591,175.9661,169.9383,175.3116,60.3879,,30.6261,,3.4144
8,0.400000,0,179.4088,176.8897,170.1080,174.6396,60.2054,,30.6600,,3.3964
9,0.450000,0,179.5183,177.0538,170.1517,174.7272,59.9569,,31.0248,,3.3360
10,0.500000,0,179.3484,176.9857,170.4309,174.5754,60.0128,,30.8322,,3.3766
11,0.550000,0,179.3639,177.5521,170.7940,174.1437,59.9377,,30.9965,,3.2416
12,0.600000,0,179.1896,178.1601,171.1410,173.7638,60.3873,,30.9761,,3.0362
13,0.650000,0,179.0846,177.9911,171.2279,173.8294,60.4419,,30.9878,,3.1219
14,0.700000,0,178.7581,177.6384,171.5597,174.2389,60.3174,,31.0024,,2.8876
15,0.750000,0,178.4214,177.1635,171.8871,174.5259,60.7501,,30.5395,,2.8301
16,0.800000,0,178.2963,177.6145,172.1566,174.4664,60.7200,,30.5715,,2.6264
17,0.850000,0,178.0517,177.6099,172.4033,174.2114,60.8437,,30.0888,,2.6518
18,0.900000,0,177.8097,177.8510,172.5488,174.0884,60.9919,,29.7219,,2.5336
19,0.950000,0,178.1412,177.7307,172.4031,173.8176,60.9540,,29.4385,,2.7454
20,1.000000,0,178.1765,177.6171,172.5740,173.6775,61.1335,,29.9904,,2.7873
21,1.050000,0,178.6876,177.3168,172.5843,173.7161,61.4717,,30.2350,,2.9358
22,1.100000,0,178.7807,177.2405,172.6654,173.6078,61.1933,,30.2927,,3.0626
23,1.150000,0,178.5473,177.3676,172.6814,173.8320,61.1935,,29.9197,,3.0055
24,1.200000,0,178.4977,177.5017,172.5167,173.7630,61.4933,,29.8869,,3.1400
25,1.250000,0,178.1097,177.3286,172.5383,173.7264,61.1633,,30.2545,,3.2004
26,1.300000,0,177.9834,176.8905,172.5990,173.7172,61.1464,,30.6854,,3.3209
27,1.350000,0,177.7095,177.3209,172.4581,173.4984,61.4158,,30.7202,,3.5115
28,1.400000,0,177.5166,177.5411,172.7229,172.9171,61.0472,,31.0697,,3.4225
29,1.450000,0,177.4937,177.8917,172.7454,173.2110,61.3120,,31.6734,,3.2027
30,1.500000,0,177.7795,177.5676,172.8059,173.5931,61.7791,,32.2337,,3.1757
31,1.550000,0,177.6346,177.6553,173.1109,173.4197,61.9501,,32.4118,,3.3081
32,1.600000,0,177.4962,177.7319,173.0140,172.7905,61.9505,,32.6281,,3.7136
33,1.650000,0,177.1970,177.0623,172.9602,173.1081,61.8593,,33.2304,,3.8073
34,1.700000,0,177.5353,177.0956,172.6890,173.7188,61.9294,,33.3936,,3.7862
35,1.750000,0,177.7515,176.3689,172.5063,174.0043,62.2676,,33.3644,,3.9579
36,1.800000,0,177.5796,176.1984,172.4318,174.4515,62.3171,,33.2415,,3.9721
37,1.850000,0,177.7167,175.4107,172.1586,174.7812,62.4021,,33.1605,,4.0354
38,1.900000,0,177.8477,175.1322,171.8557,174.8302,62.4069,,33.1951,,4.1308
39,1.950000,0,177.8268,175.1270,171.8047,174.6547,62.8795,,33.0131,,4.2332
40,2.000000,0,177.8841,174.8764,171.6252,174.6234,62.9434,,32.6526,,4.3538
41,2.050000,0,177.8549,174.9778,171.6441,174.5647,62.9732,,32.4668,,4.3175
42,2.100000,0,177.5172,173.8201,171.6580,174.9191,63.1678,,32.5993,,4.2837
43,2.150000,0,177.4938,174.1749,171.6885,174.6775,62.8561,,33.0630,,4.3313
44,2.200000,0,177.3253,174.1143,171.7008,174.8146,62.4422,,33.1789,,4.3116
45,2.250000,0,177.5486,173.1468,171.3602,175.4875,62.1298,,33.6060,,4.2706
46,2.300000,0,177.8664,172.8953,171.0753,175.7608,61.9097,,33.8441,,4.3025
47,2.350000,0,177.9234,173.4700,170.9220,175.8331,61.8092,,34.0124,,4.2710
48,2.400000,0,178.1285,173.8270,170.6190,176.0896,61.9505,,34.3318,,4.2330
49,2.450000,0,178.1912,173.4658,170.4077,176.2816,62.1218,,34.1887,,4.2789
50,2.500000,0,178.3547,174.1672,170.3610,175.9550,62.1065,,34.2901,,4.2811
51,2.550000,0,178.4709,174.9311,170.0289,175.8512,62.1084,,34.5248,,4.2813
52,2.600000,0,178.4513,175.1300,169.9821,175.7390,62.0372,,34.4567,,4.2214
53,2.650000,0,178.3516,175.1477,170.2757,175.7455,61.9048,,34.7084,,4.1546
54,2.700000,0,178.3459,174.3982,170.3117,176.1879,61.8638,,35.1097,,4.0352
55,2.750000,0,178.1839,174.4492,170.2189,175.8903,62.0321,,34.9770,,4.2101
56,2.800000,0,177.8544,174.2864,170.4288,175.6416,62.1976,,34.6399,,4.2717
57,2.850000,0,178.0492,174.1516,170.2241,175.6628,61.8482,,34.8570,,4.3166
58,2.900000,0,177.7789,174.5093,170.2752,175.4737,62.2034,,34.5367,,4.3521
59,2.950000,0,177.5269,174.8406,170.2551,175.6907,62.0945,,34.9260,,4.3493
60,3.000000,0,177.5077,174.6946,170.2267,176.1583,61.6060,,34.7148,,4.2265
61,3.050000,0,177.6046,174.4653,170.1636,175.9838,61.8986,,34.4079,,4.3492
62,3.100000,0,177.1663,174.7874,170.2610,176.0973,61.8286,,34.1957,,4.2924
63,3.150000,0,177.5687,174.8634,170.2425,175.8314,61.9966,,33.9765,,4.3577
64,3.200000,0,177.5470,174.7594,170.2373,175.6624,62.0521,,34.1837,,4.3766
65,3.250000,0,177.6354,175.0389,170.0959,175.3437,62.3877,,34.0386,,4.5055
66,3.300000,0,177.8271,175.2866,169.8475,174.9047,62.5702,,33.8183,,4.6147
67,3.350000,0,177.3986,174.6964,170.0399,175.3420,62.2698,,33.8870,,4.5209
68,3.400000,0,177.5908,174.9584,169.7959,175.0922,62.4084,,33.9014,,4.5996
69,3.450000,0,177.8462,175.1525,169.8670,174.9616,62.1252,,33.6241,,4.6320
70,3.500000,0,177.7319,174.6587,169.8581,175.0093,62.3972,,33.4735,,4.7040
71,3.550000,0,177.7887,174.2294,169.9969,175.4142,62.0390,,33.6669,,4.6230
72,3.600000,0,177.9862,174.4496,170.2094,175.7311,61.8489,,33.5646,,4.4600
73,3.650000,0,178.3765,175.1798,170.0835,175.3963,61.8045,,33.9604,,4.4340
74,3.700000,0,177.8277,174.7691,170.2250,175.7911,61.6679,,33.9514,,4.3510
75,3.750000,0,178.0662,174.4965,170.1712,176.0001,61.6216,,33.9195,,4.2564
76,3.800000,0,177.6266,173.9252,170.2624,176.6160,61.7058,,33.7700,,4.1019
77,3.850000,0,177.5976,173.7780,170.1027,176.5103,61.7425,,34.1028,,4.1721
78,3.900000,0,177.6091,173.6808,170.1575,176.8625,61.5780,,34.3793,,4.0853
79,3.950000,0,177.9272,174.0808,170.2905,176.5152,61.6658,,34.2646,,4.0797
80,4.000000,0,177.8430,174.2047,170.2072,176.3289,61.9092,,34.1540,,4.1481
81,4.050000,0,177.6208,174.2622,170.3472,176.4032,61.5012,,34.1722,,4.1288
82,4.100000,0,177.9285,174.6807,170.2313,176.2768,61.2104,,34.2167,,4.0665
83,4.150000,0,178.0425,174.6040,170.1033,175.8411,61.0198,,34.0754,,4.2649
84,4.200000,0,178.0898,174.2983,170.0097,175.7347,60.9906,,34.1953,,4.3913
85,4.250000,0,178.2657,174.7476,170.0397,175.8565,60.9170,,34.6462,,4.2251
86,4.300000,0,177.9534,174.6434,170.0341,175.4760,61.0963,,34.3761,,4.4203
87,4.350000,0,178.3568,174.5439,169.8756,175.3156,61.2536,,34.2577,,4.4892
88,4.400000,0,178.6321,174.4088,169.6526,175.3288,61.1366,,34.1895,,4.5411
89,4.450000,0,178.6155,175.0321,169.6916,175.1272,61.0941,,34.1956,,4.4338
90,4.500000,0,178.7468,175.2977,169.5985,175.6499,61.0067,,34.7902,,4.1498
91,4.550000,0,178.9766,175.0511,169.6216,175.9369,61.7610,,34.3942,,3.8508
92,4.600000,0,178.8488,174.1087,170.2565,176.2790,63.0574,,34.2217,,3.4715
93,4.650000,0,178.4588,173.4212,171.1624,177.0742,64.5150,,34.0099,,2.7626
94,4.700000,0,178.6701,,171.8554,,67.1507,,34.1377,,1.9255
95,4.750000,0,178.5675,174.2110,173.0661,177.6091,69.2372,,33.2060,,1.1027
96,4.800000,0,178.0240,174.9031,174.2648,176.5076,72.8340,,32.7008,,0.9941
97,4.850000,0,177.9136,175.5491,173.9255,174.3818,75.6654,,31.0166,,3.0171
98,4.900000,0,176.8183,174.7536,170.8465,171.3610,79.5838,,30.3576,,5.3878
99,4.950000,0,175.1844,,166.8041,,83.9537,,30.4737,,8.2990
100,5.000000,0,173.2433,,160.9935,,89.1763,,31.7852,,11.9489
101,5.050000,0,170.4483,,154.6762,,93.5843,,32.7279,,16.0063
102,5.100000,0,166.1177,,147.1181,,97.3820,,32.8667,,20.5053
103,5.150000,0,161.8368,,139.1557,,100.7377,,34.1618,,25.0816
104,5.200000,0,159.0234,,131.7679,,104.3494,,34.7074,,30.3837
105,5.250000,0,156.2437,,124.7351,,108.1338,,36.7440,,35.1643
106,5.300000,0,152.3536,,117.2472,,112.3925,,39.6223,,40.1132
107,5.350000,0,148.1224,,108.8710,,115.5970,,41.8978,,45.0279
108,5.400000,0,143.5249,,101.5225,,117.4993,,43.2353,,49.3515
109,5.450000,0,136.9587,,92.6129,,118.7245,,45.5559,,53.9668
110,5.500000,0,133.0971,,85.7495,,122.6530,,46.3204,,58.5671
111,5.550000,0,130.4370,,79.9053,,125.0803,,47.9717,,62.6817
112,5.600000,0,,,,,,,,,
113,5.650000,0,125.8256,,74.2821,,127.6704,172.5179,47.3750,67.1146,65.6191
114,5.700000,0,120.6009,,67.3176,,129.7538,167.1359,47.7166,67.1806,68.4371
115,5.750000,0,115.3417,,61.5333,,131.1713,164.1477,47.4018,67.1859,70.2574
116,5.800000,0,110.4115,,56.7221,,132.0912,162.0411,45.8467,66.8608,71.3177
117,5.850000,0,105.3251,,51.1926,,136.7767,160.6069,42.7750,66.1989,72.3234
118,5.900000,0,101.7409,,47.4885,,136.3251,156.6360,42.0347,66.0895,73.3802
119,5.950000,0,100.2624,,46.4786,,134.6711,157.3761,41.2999,66.4913,73.6879
120,6.000000,0,100.6720,,46.5686,,134.7620,159.8081,40.7934,66.4020,73.8624
121,6.050000,0,98.8610,,45.0004,,134.5808,159.0026,42.2841,64.6619,73.6270
122,6.100000,0,99.5022,,45.6201,,135.1754,161.4435,42.0299,64.7815,73.9710
123,6.150000,0,101.0694,,48.0999,,136.5815,163.7073,41.6794,65.5118,72.8603
124,6.200000,0,103.1109,,51.1386,,136.0633,161.7193,41.6328,63.8673,71.5362
125,6.250000,0,107.4143,,56.0034,,137.2008,158.8153,40.6482,62.2067,70.0425
126,6.300000,0,113.2218,135.2342,62.6838,62.3776,138.4513,156.7141,40.3858,58.9188,67.2508
127,6.350000,0,117.8875,135.3960,71.2838,69.6690,139.2774,,39.3371,,62.7762
128,6.400000,0,122.5352,136.7074,79.5801,78.3853,139.1328,158.9885,38.7567,50.2564,58.1688
129,6.450000,0,,138.6413,,85.0729,137.8839,160.2091,,48.0739,
130,6.500000,0,136.1908,138.9928,95.4875,92.3226,136.7931,160.7350,35.0639,44.6461,50.7746
131,6.550000,0,,143.9075,,99.6078,135.2919,162.1579,,42.8477,
132,6.600000,0,,146.4043,,106.3543,134.5780,160.2679,,40.0964,
133,6.650000,0,,148.4153,,113.4491,136.0821,157.0850,,36.2464,
134,6.700000,0,,,,,137.3668,155.4973,,,
135,6.750000,0,152.7382,153.8019,128.0672,128.0069,140.5390,154.1356,26.3451,32.1825,29.7641
136,6.800000,0,156.8918,157.5803,136.7632,137.0325,141.9889,153.7473,25.3626,30.4432,25.2245
137,6.850000,0,159.6224,161.4162,145.2943,145.3887,143.3133,154.0818,24.4646,29.0306,20.7245
138,6.900000,0,162.2436,163.8302,152.2579,150.9110,143.6003,154.2262,23.2626,28.0184,17.3264
139,6.950000,0,164.2431,165.9009,158.5795,155.6645,144.3718,154.5298,22.2467,27.1021,14.2332
140,7.000000,0,166.3801,167.5081,164.3937,159.1421,145.0692,156.4525,21.6830,26.4319,11.5454
141,7.050000,0,169.0265,168.8169,169.6496,161.9130,145.3960,157.9260,21.4197,26.2680,9.3448
142,7.100000,0,171.0951,169.8560,173.9007,163.9644,144.9362,157.9948,21.3249,25.7963,7.4092
143,7.150000,0,173.0949,169.9588,177.0236,165.3827,145.0243,158.4163,21.5446,25.1356,5.8203
144,7.200000,0,173.9929,170.8060,178.2982,166.9682,145.2189,158.4077,22.2540,24.2896,4.3544
145,7.250000,0,175.0920,171.2011,176.9055,167.9480,146.7336,157.7597,23.0405,23.6592,3.3366
146,7.300000,0,176.4387,171.9972,174.6069,168.5516,148.6561,156.9363,23.4217,23.0780,2.9207
147,7.350000,0,177.0032,173.0164,172.7346,168.7621,149.5872,155.6169,23.6237,22.6321,3.1800
148,7.400000,0,177.1012,174.0223,171.8829,168.8996,149.3202,155.2853,23.6840,22.2153,3.4351
149,7.450000,0,176.6873,174.4517,171.7529,169.0969,150.1590,153.5015,23.3759,21.8240,3.6357
150,7.500000,0,176.5473,175.1801,171.1128,169.1162,151.2181,153.2419,23.0239,21.4558,3.9042
151,7.550000,0,175.8069,175.4585,171.4843,169.9264,151.5078,153.2413,22.5314,20.8774,3.6360
152,7.600000,0,175.3478,175.4787,171.5767,169.9985,152.2639,154.2751,22.0666,19.9662,3.6167
153,7.650000,0,176.2786,176.1348,170.8954,169.4407,153.8281,154.7509,21.2955,19.1442,3.8842
154,7.700000,0,177.5981,176.8309,169.9733,169.0114,155.2440,154.9510,20.4246,18.2634,4.0741
155,7.750000,0,178.4878,177.2592,169.4207,169.0139,155.8034,154.8730,19.9252,17.6110,3.8921
156,7.800000,0,178.0102,177.5264,168.5992,169.4048,155.4231,155.4756,19.5394,16.9472,3.6751
157,7.850000,0,176.7586,177.7441,167.4891,169.7378,154.6721,157.5926,19.7417,16.4438,3.7460
158,7.900000,0,175.6714,178.1525,167.2298,170.1975,155.3842,161.0940,19.4913,17.3820,3.7485
159,7.950000,0,175.5253,178.4658,167.3250,170.1526,156.0894,165.8372,19.2083,20.8478,3.8153
160,8.000000,0,175.0149,178.4020,167.0318,170.1260,156.6919,171.1105,19.2795,28.7930,3.8794
161,8.050000,0,174.7513,178.1782,166.7150,169.6881,157.7134,,19.3013,39.4639,4.1218
162,8.100000,0,174.5477,177.6927,166.4503,169.1362,158.4812,,19.5721,51.7548,4.3818
163,8.150000,0,174.9920,177.5453,166.7768,168.9236,159.0054,,19.9131,67.5906,4.5574
164,8.200000,0,174.5398,176.7826,166.6872,168.3206,158.9292,,19.8332,86.4533,4.6197
165,8.250000,0,174.9541,176.0228,166.9510,168.1154,158.4675,,20.1193,107.0115,4.6657
166,8.300000,0,175.2444,175.6848,166.7851,167.4335,159.6848,74.0922,20.4007,124.8325,5.0277
167,8.350000,0,175.4149,175.5004,166.4591,167.1085,160.7553,143.0060,20.2967,136.8665,5.5192
168,8.400000,0,175.5831,175.5424,166.0363,167.4047,162.2647,144.0889,20.0123,146.3585,5.7954
169,8.450000,0,175.6079,175.6940,165.7694,167.3022,162.9203,147.4211,19.9455,153.7221,6.2376
170,8.500000,0,175.2649,176.2271,165.3163,166.9949,163.4011,146.5888,19.8191,156.7618,6.7265
171,8.550000,0,175.4146,176.0569,164.4750,166.2358,163.4985,145.9783,20.0093,157.3407,7.3083
172,8.600000,0,175.8177,176.0777,163.6483,165.7350,163.7982,146.9106,20.1033,156.4428,7.8008
173,8.650000,0,176.1083,175.8606,162.5177,164.7518,164.3717,149.0179,20.1104,154.3431,8.5185
174,8.700000,0,176.1837,176.0273,161.8824,164.1258,164.4470,152.1229,20.1167,153.5822,9.0275
175,8.750000,0,175.7897,175.9475,161.7019,164.1449,164.6080,154.4980,19.9791,153.6820,9.1868
176,8.800000,0,175.4861,175.9516,161.0828,164.2149,164.6032,157.4087,19.9254,154.4090,9.4049
177,8.850000,0,174.9079,175.8241,160.2210,163.5508,164.4132,159.5218,20.2674,153.2227,9.7214
178,8.900000,0,174.5591,175.6042,159.4557,162.8585,163.6280,164.2497,20.6788,151.3579,9.9997
179,8.950000,0,174.6917,175.7912,159.1884,162.5746,163.7376,168.2792,20.9657,147.9580,10.0775
180,9.000000,0,174.9207,175.9250,158.9550,162.6157,162.7339,170.2540,21.3086,142.2449,9.9983
181,9.050000,0,173.7596,175.6164,158.5249,162.2785,161.6850,175.3328,21.7516,134.5044,10.0055
182,9.100000,0,173.4197,175.2551,158.8362,162.1483,160.2774,178.0836,21.9351,124.9568,9.9289
183,9.150000,0,173.3342,174.9561,159.4738,162.3535,159.1741,176.9281,21.8886,113.9339,9.5866
184,9.200000,0,173.6573,175.4545,160.3316,162.4192,158.5949,175.9959,21.7259,102.0182,9.2560
185,9.250000,0,173.4042,175.5488,160.6627,162.9339,157.9393,,21.8012,89.8188,8.9890
186,9.300000,0,173.5979,175.8754,161.2239,163.0920,156.9444,168.4941,21.7906,77.5586,8.8507
187,9.350000,0,173.6294,175.0709,161.7977,162.9627,156.7466,172.6996,21.3864,65.9468,8.4709
188,9.400000,0,173.5047,174.9868,161.7736,163.4869,156.1526,175.6492,21.2667,55.0502,8.2803
189,9.450000,0,173.6517,175.5347,161.7603,163.7352,156.1809,176.0894,21.2048,45.2584,8.1225
190,9.500000,0,173.6588,176.0986,161.8170,163.7669,155.9392,174.2847,21.1199,36.6368,8.1074
191,9.550000,0,173.2773,175.8634,161.5571,163.3581,155.8690,173.8054,21.2222,29.1176,8.2528
192,9.600000,0,173.5649,175.8844,161.7487,163.0794,155.7881,173.1420,21.1378,23.4916,8.3514
193,9.650000,0,174.1386,175.2805,162.5298,162.7464,155.8589,172.0042,20.9422,19.8605,8.1609
194,9.700000,0,174.5212,175.3630,163.3774,163.2780,156.6392,171.4807,20.3709,18.9151,7.7554
195,9.750000,0,174.4592,175.6396,163.2075,163.4499,156.8201,172.3456,20.1481,20.7028,7.8200
196,9.800000,0,174.4607,175.7585,163.2248,164.1485,157.2132,172.8378,19.6245,25.2516,7.5198
197,9.850000,0,174.6102,175.6728,163.6595,164.3028,157.4126,174.1307,19.1387,33.0327,7.2972
198,9.900000,0,174.3362,175.9078,163.2678,164.2356,157.6215,173.0076,19.4168,42.6555,7.3911
199,9.950000,0,173.7013,175.5466,163.2003,164.6785,158.1650,,19.2496,53.8735,7.2076
200,10.000000,0,173.6661,175.5282,163.0254,164.5642,157.8683,,19.5146,67.3134,7.4311
201,10.050000,0,173.7916,175.4639,163.1609,164.7741,158.0119,,19.9247,82.7232,7.5739
202,10.100000,0,173.0419,174.8049,162.5584,164.5492,158.3226,,19.9120,98.8378,7.6406
203,10.150000,0,173.7473,174.5013,162.7482,164.3826,159.0992,112.1052,20.0644,115.4567,7.7024
204,10.200000,0,174.0473,174.4964,162.5770,164.1758,159.4061,168.8050,20.1035,126.9695,7.9230
205,10.250000,0,174.8058,174.1013,162.7857,163.9787,160.4973,156.0778,19.9837,136.0777,8.2084
206,10.300000,0,175.3909,174.1355,162.8912,164.1031,161.7511,156.5200,19.7785,143.8616,8.4524
207,10.350000,0,176.0648,174.7516,163.3945,165.0062,162.1395,155.8261,19.5290,149.9935,8.2881
208,10.400000,0,176.4124,175.0283,163.0804,165.3996,163.0574,155.1059,19.3919,154.5140,8.4773
209,10.450000,0,176.4422,175.2426,162.9705,165.0851,162.2607,153.9078,19.4606,156.3241,8.7857
210,10.500000,0,176.5602,175.9980,162.8106,165.0779,162.2731,152.4868,19.4949,156.3219,9.1578
211,10.550000,0,176.6548,176.5973,162.4433,164.7102,162.1027,152.7626,19.4825,154.8048,9.5776
212,10.600000,0,176.7634,177.0482,162.4756,164.9836,162.1475,153.9512,19.5830,153.7795,9.6521
213,10.650000,0,177.0270,177.4810,161.6212,165.0564,161.5396,156.0228,19.7633,153.2626,9.7690
214,10.700000,0,177.0883,177.2268,161.4116,165.0571,161.4523,158.5545,19.7227,153.5422,9.6593
215,10.750000,0,176.6108,176.8155,161.1789,164.7936,161.5224,160.5002,19.9118,152.2190,9.6894
216,10.800000,0,176.4289,176.1142,161.0723,164.7713,162.7205,163.6745,19.8225,148.8046,9.5148
217,10.850000,0,175.8629,175.6786,161.4357,164.8674,163.0875,164.7235,19.8379,143.2203,9.1031
218,10.900000,0,175.1289,175.5901,161.0385,164.8520,162.4008,163.5215,20.2020,132.4644,8.9641
219,10.950000,0,174.7597,175.5221,161.0797,165.0269,161.7453,,20.6755,118.6464,8.5363
220,11.000000,0,174.2983,175.5204,161.8250,165.6296,162.1050,,20.5530,101.2886,7.9121
221,11.050000,0,174.6453,175.6116,163.2385,165.9375,162.3800,,20.3769,83.3900,7.2064
222,11.100000,0,174.5587,176.3219,163.8977,166.2959,161.2151,107.6508,20.4696,67.3283,6.8139
223,11.150000,0,174.4580,176.3776,164.3210,166.9007,160.3816,132.9390,20.3410,54.1012,6.1898
224,11.200000,0,174.5141,176.6467,164.7831,167.2102,159.3416,143.7803,20.3311,44.0798,5.6497
225,11.250000,0,174.1243,176.1340,164.9445,167.0869,160.9081,150.2937,19.7472,36.6417,5.2715
226,11.300000,0,173.9475,175.5832,164.9642,166.3655,161.2835,153.7474,19.4579,31.2333,5.2184
227,11.350000,0,174.2987,174.6235,164.9691,165.4127,161.9911,154.6955,19.0908,27.2022,5.4540
228,11.400000,0,174.2694,174.2685,164.6900,164.8165,163.4650,153.5270,19.7225,24.3240,5.8088
229,11.450000,0,174.2107,174.0144,165.0190,164.5043,165.0881,154.6834,21.2434,22.1056,5.9421
230,11.500000,0,175.3744,174.6256,166.4631,164.7231,166.6685,154.8373,24.4654,20.8354,5.8087
231,11.550000,0,175.6678,174.1244,167.3447,164.5169,166.2271,155.3657,30.7908,20.3783,5.6097
232,11.600000,0,174.9087,173.8221,166.8216,164.2114,,154.8479,40.5972,20.4825,5.6333
233,11.650000,0,174.6697,173.7035,166.2978,164.3263,,154.3402,55.9824,20.5027,5.5042
234,11.700000,0,174.5449,173.4768,166.2890,164.0378,,153.8687,71.4013,20.5863,5.6010
235,11.750000,0,175.1957,174.0575,166.7386,164.4567,133.6870,154.1614,88.1944,20.5236,5.4774
236,11.800000,0,175.3937,175.0140,167.0284,165.0440,174.0955,154.2364,103.9210,20.6697,5.3405
237,11.850000,0,175.7886,174.9128,167.8723,165.4347,161.9667,154.4345,115.6145,20.7199,4.9615
238,11.900000,0,176.1422,174.8130,168.2070,165.0098,161.0331,155.5619,125.6335,20.6366,5.1370
239,11.950000,0,176.3104,175.0864,168.7954,164.7789,161.4425,156.1705,132.9947,20.8451,5.4000
240,12.000000,0,176.0482,175.1129,169.0264,164.8118,162.2854,156.3015,139.6140,21.0473,5.5404
241,12.050000,0,176.0385,174.6325,168.8595,164.0490,161.0277,156.2990,144.1809,21.1529,6.0701
242,12.100000,0,175.8318,174.2667,168.8992,163.4052,159.1896,156.7721,149.0470,21.1458,6.4960
243,12.150000,0,175.8395,174.2211,168.6260,162.7732,155.6261,157.2460,153.3330,20.9341,6.9473
244,12.200000,0,176.1001,173.5023,168.3606,162.0012,154.4030,156.7267,155.9529,20.9661,7.4276
245,12.250000,0,175.9639,173.6125,168.2620,161.8585,155.1838,156.5132,158.5337,20.4898,7.5960
246,12.300000,0,175.6157,173.5343,168.0425,161.7437,157.6208,156.3928,160.1671,20.0089,7.7376
247,12.350000,0,176.1197,173.7967,168.5188,162.1348,159.6711,156.4070,160.6544,19.6503,7.6564
248,12.400000,0,176.3749,173.9973,168.2606,161.7048,161.3875,156.0562,159.2978,19.7050,7.8950
249,12.450000,0,176.8684,173.8705,167.6251,161.3250,162.5158,156.1311,155.9719,19.7549,8.1197
250,12.500000,0,176.6540,174.0925,168.1427,162.0266,165.8123,156.1991,150.5646,19.7868,7.6986
251,12.550000,0,177.2276,175.1036,168.7655,162.9430,167.7552,155.4466,141.7874,20.1576,7.1822
252,12.600000,0,177.7225,175.5108,169.3436,163.5535,168.9126,155.2060,130.4546,20.5096,6.9063
253,12.650000,0,177.6452,175.7671,169.3787,163.7472,172.4534,155.3539,116.9113,20.8336,6.8283
254,12.700000,0,177.7024,176.5815,169.3482,164.2296,174.5551,155.2957,101.7322,21.0723,6.5183
255,12.750000,0,177.7888,177.0637,169.3244,164.3708,,155.9171,85.7686,21.1872,6.3510
256,12.800000,0,177.5866,176.1363,169.4144,164.6530,159.2733,156.2483,71.7477,21.2722,5.9607
257,12.850000,0,177.8199,176.5505,169.7446,165.2127,168.5733,156.7230,60.2862,21.1957,5.6077
258,12.900000,0,178.2494,176.2929,169.7540,165.2740,170.0467,156.6852,51.2982,20.7402,5.4077
259,12.950000,0,178.3098,176.3479,168.7244,165.3263,169.1220,156.8620,43.4266,20.4574,5.6059
260,13.000000,0,177.8317,176.1776,167.7350,165.3391,168.3164,156.8371,36.7533,19.7891,5.7044
261,13.050000,0,176.9126,176.0491,167.0129,165.7978,168.8324,156.1909,31.3119,19.2305,5.6425
262,13.100000,0,176.2989,176.4394,166.6125,166.4042,170.3992,155.8044,26.9422,18.7285,5.3799
263,13.150000,0,176.1564,176.7162,166.5116,166.5655,170.5383,155.8153,23.9243,18.5674,5.3061
264,13.200000,0,176.1275,176.5728,166.7000,166.6669,170.2928,155.0338,21.8459,18.2911,5.2628
265,13.250000,0,175.5490,176.6383,166.5907,166.8961,170.9107,154.9795,21.5086,17.8741,5.2247
266,13.300000,0,176.2981,176.4853,167.2215,167.2413,171.2444,155.8137,22.9763,17.5110,4.9806
267,13.350000,0,176.3125,176.1969,167.5739,167.6275,173.2633,155.9725,26.2892,17.3845,4.7890
268,13.400000,0,176.5030,175.8014,168.0303,167.5687,174.6495,155.9403,31.5640,17.4784,4.5337
269,13.450000,0,176.6601,175.7023,168.6473,167.4783,172.7767,156.3333,39.6775,17.5012,4.3441
270,13.500000,0,176.8247,176.1311,169.2712,167.4426,,156.4493,51.9075,17.8506,3.9946
271,13.550000,0,176.4341,175.8803,168.5897,166.9469,,156.7363,66.2509,18.1513,4.3273
272,13.600000,0,176.4650,176.2221,168.6863,167.2235,,156.9541,82.1424,18.0072,4.3099
273,13.650000,0,177.0743,176.2453,169.5222,167.3849,,156.8920,98.5252,18.4230,4.1458
274,13.700000,0,176.6071,176.0570,169.6489,167.3501,105.4972,156.7223,111.7396,18.7706,4.2242
275,13.750000,0,176.1965,175.7089,169.6255,166.5811,176.1031,156.8547,122.4242,19.2210,4.6185
276,13.800000,0,175.2698,174.8681,170.0768,165.9725,155.7618,157.1338,130.4012,19.2231,4.6635
277,13.850000,0,175.3027,174.4107,170.1281,165.2313,154.1444,157.0337,136.8787,19.1175,5.0160
278,13.900000,0,175.1975,174.7239,170.4310,165.1214,150.9777,156.5206,142.3824,19.3730,5.1997
279,13.950000,0,175.4738,175.0826,170.2363,164.7801,145.7790,156.4451,147.5379,19.4144,5.5254
280,14.000000,0,175.4248,174.5641,169.9227,164.0132,140.5000,155.6888,151.6206,19.6863,6.0257
281,14.050000,0,175.5217,174.3113,169.2293,163.2186,137.1185,155.4570,155.0968,20.0368,6.5735
282,14.100000,0,175.6192,174.2816,169.0033,162.8223,136.1856,155.2169,157.8113,20.2604,6.8452
283,14.150000,0,176.0263,173.6810,169.1938,162.3721,138.8041,155.1180,159.3826,20.3889,6.9853
284,14.200000,0,176.0427,173.6305,169.6380,162.5213,142.2165,154.5249,159.7143,20.2391,6.8724
285,14.250000,0,175.8566,173.9731,169.5172,162.6601,145.2991,153.9768,158.0196,20.3878,6.8927
286,14.300000,0,175.3901,173.5193,169.7880,162.7572,147.5804,154.7349,155.3810,20.2731,6.6280
287,14.350000,0,176.1094,174.2780,169.6438,163.0704,150.2141,154.5434,150.2223,20.2903,6.5017
288,14.400000,0,175.6833,174.5685,168.8502,162.7685,155.1500,155.3834,142.9298,20.1589,6.6486
289,14.450000,0,175.0380,175.0031,168.2469,163.5187,159.7945,155.2171,134.2025,20.0438,6.2918
290,14.500000,0,175.2114,175.4441,168.2106,164.4309,163.1501,155.6381,124.3286,19.8679,5.9029
291,14.550000,0,175.5622,176.0195,168.4682,164.9511,164.4811,155.9705,112.2293,19.9171,5.6272
292,14.600000,0,175.6664,175.9330,168.5493,165.4353,164.1840,155.7404,98.8730,19.8486,5.3049
293,14.650000,0,176.0591,175.7648,168.7411,165.8631,163.8429,155.5133,84.8149,19.5555,5.1243
294,14.700000,0,176.7425,176.3959,169.5727,166.3217,164.9721,155.5403,72.6290,19.1635,4.8435
295,14.750000,0,177.9937,176.7539,170.7619,166.5534,165.5960,155.0740,62.3534,18.9591,4.4452
296,14.800000,0,177.7666,176.6444,170.4153,166.3980,163.3785,155.1666,52.9359,18.9037,4.4473
297,14.850000,0,177.6742,176.9104,169.8029,166.6541,160.8704,155.0566,44.5688,18.5499,4.5622
298,14.900000,0,178.3894,177.4971,170.2143,167.4209,159.4170,153.5550,37.2661,18.1923,4.3838
299,14.950000,0,178.2009,177.2661,170.0577,167.4415,161.9039,152.9962,31.6004,18.0128,4.4287
300,15.000000,0,177.4552,176.8334,169.3305,166.9220,165.1278,152.5425,27.4096,18.0642,4.6678
301,15.050000,0,177.6558,176.9310,169.4050,167.0080,168.4035,152.6465,25.2144,17.9420,4.5112
302,15.100000,0,177.5334,176.9558,168.9683,167.5176,169.8929,152.8763,24.8187,17.8167,4.2904
303,15.150000,0,177.5025,177.6502,169.1287,167.8151,170.3117,154.6370,25.9097,18.0214,4.1151
304,15.200000,0,177.0134,177.5759,169.5667,167.6421,170.9537,159.0068,28.1155,18.8662,4.1245
305,15.250000,0,176.1190,177.3694,170.0685,168.1063,170.8728,162.9359,31.1767,21.0613,3.6360
306,15.300000,0,175.8800,177.7777,170.1454,168.9997,170.2537,164.4574,35.8264,24.4454,3.0835
307,15.350000,0,175.1199,178.0896,169.7097,169.0413,169.1611,165.4303,41.2468,29.8896,2.8973
308,15.400000,0,174.6694,177.8155,169.2365,168.6527,165.7827,165.4162,47.3380,37.0462,3.0639
309,15.450000,0,174.0478,177.8336,168.3165,168.3702,165.8413,164.3322,54.0792,45.3563,3.3183
310,15.500000,0,173.6031,177.6685,168.1969,168.0714,165.0758,161.4993,60.2500,53.3436,3.4184
311,15.550000,0,173.0536,177.5544,167.7383,167.5016,164.8878,152.4638,66.2559,59.7874,3.6613
312,15.600000,0,172.7654,177.5462,167.8343,167.4320,165.0686,138.8420,71.0732,65.6351,3.5574
313,15.650000,0,173.0079,177.4430,167.9615,167.4798,165.0504,122.0659,74.5758,70.3124,3.5590
314,15.700000,0,173.1300,177.1225,167.9524,167.2117,165.2394,109.2134,77.5457,74.0753,3.7459
315,15.750000,0,173.6496,177.3418,167.8156,167.4443,166.1189,99.3010,79.1583,76.5456,3.9759
316,15.800000,0,173.8213,177.8018,167.8144,167.8931,166.0088,87.4242,80.0549,78.7273,4.0133
317,15.850000,0,173.8515,178.0895,167.7491,168.3864,166.3702,76.0683,80.7982,80.8752,3.9033
318,15.900000,0,173.9754,178.3624,167.7288,169.0020,166.6409,62.5209,81.4244,82.2260,3.8431
319,15.950000,0,174.0376,178.6695,167.4316,169.1066,167.0118,51.7203,81.5966,83.4261,4.1142
320,16.000000,0,174.2081,178.7865,167.1079,169.0693,167.7289,46.0284,81.5046,83.7228,4.2623
321,16.050000,0,174.5305,178.6876,167.0721,169.4035,168.0903,44.8953,81.6980,84.0263,4.1737
322,16.100000,0,174.3882,178.8285,166.8535,169.7102,168.1561,48.0946,81.8927,83.6394,4.1114
323,16.150000,0,174.4879,178.6250,167.1239,169.9712,168.4292,56.0520,81.8679,83.7479,3.9574
324,16.200000,0,174.2342,178.4216,167.1339,169.4793,168.4215,66.1387,81.7348,84.5276,4.0308
325,16.250000,0,174.2208,178.4529,167.2578,169.0491,167.8734,77.7277,81.5676,85.0092,4.1356
326,16.300000,0,174.0249,178.2307,167.5555,168.9279,167.8974,92.4535,82.1645,85.7625,3.9106
327,16.350000,0,173.8787,178.2135,167.5929,168.8984,168.3214,108.7147,82.7803,86.2622,3.8083
328,16.400000,0,173.8106,177.5564,167.7898,168.4366,168.7384,125.0272,82.7378,85.4234,3.6849
329,16.450000,0,173.6305,177.6611,167.8713,168.1675,169.1110,140.9596,82.7009,84.8096,3.7164
330,16.500000,0,173.6063,177.9030,168.1765,168.2519,169.9178,154.2004,82.3136,83.8693,3.6720
331,16.550000,0,173.9869,178.0728,168.3015,168.0038,169.7829,164.3580,82.1569,82.0118,3.8064
332,16.600000,0,173.6214,177.9171,168.1359,168.1013,169.8630,171.1746,82.0348,79.9189,3.7562
333,16.650000,0,173.7823,178.0926,168.3010,168.0539,169.8746,174.6135,81.9997,78.5664,3.7321
334,16.700000,0,173.9763,178.1821,169.0492,168.2747,170.0144,174.8798,81.8092,77.7711,3.5260
335,16.750000,0,173.8385,178.0871,169.0211,168.3355,169.8688,172.6971,81.6584,77.5487,3.5089
336,16.800000,0,173.8744,178.0171,168.8444,168.1639,169.9398,170.0651,81.7970,77.7872,3.5651
337,16.850000,0,173.8714,178.2474,168.8575,167.8774,169.5613,167.6054,81.8073,78.6702,3.6297
338,16.900000,0,173.0133,177.7502,168.6562,167.1755,169.2245,160.3791,81.5313,79.7503,3.7474
339,16.950000,0,172.9040,177.7164,168.6334,167.2249,168.8285,148.6386,82.0528,80.6437,3.6402
340,17.000000,0,172.8120,178.0952,168.7264,167.4848,169.7221,136.3791,82.3497,81.9702,3.5968
341,17.050000,0,172.7592,177.9061,168.5697,167.7755,170.1286,123.3091,82.2209,83.1770,3.5190
342,17.100000,0,172.6560,177.9097,168.1707,167.8528,170.3612,111.0758,82.1048,83.6937,3.6923
343,17.150000,0,172.8481,178.0353,168.6197,168.6281,170.8371,97.9923,81.7238,84.0134,3.3841
344,17.200000,0,173.0040,178.2426,168.3322,168.7619,171.0735,84.2176,81.4119,84.3234,3.5502
345,17.250000,0,173.2037,178.3413,167.9854,169.2077,171.1250,71.9279,81.3938,84.4438,3.5925
346,17.300000,0,173.4673,178.5796,167.6844,169.5143,170.8600,60.1156,81.3032,84.5481,3.6795
347,17.350000,0,173.2466,178.5461,167.7188,169.7223,170.4263,50.3617,81.0271,84.6681,3.6820
348,17.400000,0,173.6997,178.8416,167.4750,169.8422,170.3259,43.8647,80.8735,84.8474,3.9292
349,17.450000,0,173.4388,178.9948,167.2354,169.7136,170.6293,40.4690,80.7367,84.7108,4.1383
350,17.500000,0,173.1679,179.1800,167.3281,170.1905,170.9485,40.3285,80.9458,84.5205,3.9274
351,17.550000,0,173.0352,178.8385,167.4789,170.3067,171.1479,43.6577,80.5967,84.5040,3.7483
352,17.600000,0,172.6936,178.6785,167.2545,170.1164,171.4164,50.7225,80.7737,84.7080,3.8196
353,17.650000,0,173.1879,178.6960,167.3277,170.3800,171.3866,59.8578,80.7181,84.6900,3.8108
354,17.700000,0,173.3465,178.6346,167.0919,170.0715,171.1462,72.7698,80.7761,85.7651,3.9671
355,17.750000,0,173.7995,178.4445,167.0680,169.9179,170.8205,87.9025,81.1016,86.7757,4.0071
356,17.800000,0,173.8377,178.2789,167.1060,169.6835,169.9765,104.6003,81.3979,87.7854,3.9753
357,17.850000,0,173.6277,178.1200,166.9110,169.2311,170.4318,121.6704,81.3692,88.8476,4.1591
358,17.900000,0,173.3298,178.2639,166.9710,168.9019,170.6334,137.0417,81.1199,89.2960,4.1805
359,17.950000,0,172.7848,178.2409,166.9085,168.7621,171.0720,150.1571,80.8661,88.9941,4.2046
360,18.000000,0,172.2593,177.9729,167.3855,168.6772,171.1215,159.9910,80.5816,88.2704,4.0026
361,18.050000,0,172.8540,178.0264,168.0802,168.8074,171.4444,167.2584,80.3852,86.7598,3.7467
362,18.100000,0,172.5761,177.9755,168.4912,168.8787,172.1884,171.2000,79.6332,85.2881,3.4770
363,18.150000,0,172.9387,178.0590,169.1282,168.7389,172.8776,171.9375,78.6556,84.0898,3.3435
364,18.200000,0,172.9074,178.3134,169.4704,168.6154,173.2061,172.1536,78.4480,83.5845,3.4121
365,18.250000,0,172.8925,178.6852,169.0399,168.6363,171.6124,172.7079,78.6409,83.0798,3.6146
366,18.300000,0,173.2475,178.1589,168.9122,168.4938,167.6938,172.2943,79.2807,82.7339,3.7526
367,18.350000,0,174.0140,178.7117,168.9168,168.8741,159.9435,171.8138,80.2156,82.4331,3.7150
368,18.400000,0,174.1151,178.9936,169.0112,169.4790,148.8252,171.4695,82.1152,82.5204,3.3845
369,18.450000,0,174.1662,179.2582,168.9234,169.7241,135.7850,170.6652,83.6148,82.4576,3.1863
370,18.500000,0,174.3406,179.0240,168.8910,169.8348,122.7962,169.2537,84.3304,82.2669,3.3186
371,18.550000,0,173.9252,178.6458,168.8851,169.1392,107.3712,168.3977,84.7592,81.9238,3.5255
372,18.600000,0,173.8740,178.4340,168.7266,168.8766,94.7041,167.1768,84.8625,81.6266,3.7322
373,18.650000,0,173.8044,178.0081,168.3135,168.3572,82.5922,167.1289,84.6613,81.4247,4.0728
374,18.700000,0,173.5419,177.9388,168.2791,168.3308,70.9448,167.7670,85.0251,81.3780,4.0543
375,18.750000,0,173.2847,178.1915,168.3932,168.5719,57.4074,167.8158,85.2765,81.1904,3.8914
376,18.800000,0,173.4176,178.2726,168.5033,168.7344,45.6572,168.3638,85.9339,81.2579,3.7401
377,18.850000,0,173.3493,178.0818,168.7016,168.5865,39.8364,168.0756,85.7995,81.1502,3.7776
378,18.900000,0,173.4685,178.2003,169.0316,168.5343,37.1272,168.0407,85.5053,81.0946,3.7143
379,18.950000,0,172.7890,178.2621,168.3585,168.4506,41.7426,168.7966,85.1196,80.8382,3.8967
380,19.000000,0,172.6593,177.9120,168.1212,168.0750,48.9375,168.2792,84.5334,80.5310,4.0525
381,19.050000,0,172.4185,177.7960,167.6353,167.8751,58.6866,167.9352,83.8832,80.4797,4.1942
382,19.100000,0,171.7138,177.5899,167.1397,167.2563,73.9526,167.5280,83.9485,80.4920,4.4532
383,19.150000,0,171.9969,177.5805,167.6209,167.3759,92.3765,168.0866,84.7768,80.5379,4.3054
384,19.200000,0,173.2124,178.2144,168.0493,167.7321,111.2137,169.5435,85.4837,80.5030,4.1040
385,19.250000,0,173.6654,178.2724,168.4017,168.3310,126.2401,169.9198,85.8405,80.3103,3.7878
386,19.300000,0,174.1194,178.5560,168.6603,168.5098,139.2162,170.1302,85.7076,80.1996,3.7192
387,19.350000,0,174.1806,178.4859,168.7739,168.7314,150.0636,170.1316,85.0666,80.0144,3.5893
388,19.400000,0,174.2690,178.2022,169.2649,168.7859,160.1281,170.1969,83.8020,80.4323,3.4612
389,19.450000,0,174.5015,178.2386,169.7328,168.8264,167.3477,170.2690,82.0365,80.6351,3.3766
390,19.500000,0,175.5052,178.7225,169.8958,168.9798,171.9724,171.2459,80.1471,80.7425,3.4140
391,19.550000,0,175.0843,178.8927,169.4981,169.2168,174.3888,172.7367,78.5889,80.7535,3.4317
392,19.600000,0,175.1865,178.9372,169.3117,169.5788,175.2384,173.3460,77.7530,80.7462,3.3810
393,19.650000,0,175.5997,179.9287,169.6143,169.6948,174.4004,173.0475,77.2342,80.8347,3.3977
394,19.700000,0,175.2006,179.5183,169.3656,169.4470,172.6354,173.2581,77.4120,80.8544,3.4443
395,19.750000,0,175.2046,179.4590,169.3934,169.6451,169.7429,172.8195,77.9783,80.4960,3.3350
396,19.800000,0,175.5288,179.7019,169.6731,169.8190,164.4910,172.6098,78.5887,80.6003,3.2139
397,19.850000,0,175.7507,179.7851,170.0424,170.1271,156.0165,172.1041,79.5784,80.5970,2.9404
398,19.900000,0,175.5079,179.2914,170.2059,170.6555,143.6750,171.5344,80.6807,80.5636,2.5657
399,19.950000,0,175.7722,179.3785,170.4389,170.6103,127.3139,171.2943,81.0101,80.5164,2.4732
400,20.000000,0,174.6554,179.7216,169.6077,170.2856,110.5301,170.8117,81.2385,80.1929,2.7861
401,20.050000,0,174.5752,179.1870,169.2277,169.8459,95.2035,170.1030,81.7290,79.7111,3.1062
402,20.100000,0,173.8950,178.8674,168.6889,169.3624,81.8788,169.0034,82.3419,79.6032,3.3208
403,20.150000,0,173.5108,179.0194,168.3692,169.4348,70.0179,169.0914,82.7243,79.5273,3.4862
404,20.200000,0,173.8073,179.2715,168.5162,169.5285,56.4940,169.0932,83.4320,79.3311,3.4707
405,20.250000,0,173.7137,179.3187,168.6828,169.5692,45.1608,168.9826,83.9810,79.2379,3.3745
406,20.300000,0,173.7410,179.5428,169.2730,169.8408,38.2976,168.7937,84.2776,79.0292,3.1337
407,20.350000,0,173.8206,179.5365,169.3174,170.0815,35.6903,169.1452,84.5901,78.9462,2.9818
408,20.400000,0,173.8616,179.5675,169.0026,170.0022,36.9310,169.2381,84.3889,78.5048,3.0520
409,20.450000,0,173.7160,179.0857,168.9138,169.6823,41.9674,169.4990,83.4409,78.4566,3.2315
410,20.500000,0,173.4925,178.9552,168.5744,169.3797,48.3779,169.0146,82.7459,78.1007,3.4632
411,20.550000,0,173.2417,178.8886,168.3732,169.2706,57.9904,168.6898,82.0066,78.1988,3.5713
412,20.600000,0,173.1011,178.3026,168.5229,169.0346,71.3338,168.3763,81.7759,78.2825,3.5141
413,20.650000,0,172.9267,178.5762,168.5818,169.3022,86.6690,168.6658,81.8336,78.4883,3.4404
414,20.700000,0,172.6366,178.3592,168.4109,169.1796,101.4278,169.2539,82.5906,78.3639,3.3564
415,20.750000,0,173.5057,178.7884,168.7359,169.7540,115.2807,169.8644,83.4323,78.3645,3.0254
416,20.800000,0,174.1347,178.3775,168.7909,169.6600,127.9024,170.1800,83.6181,78.3691,2.9494
417,20.850000,0,174.7934,178.4192,169.1476,170.0985,140.4550,170.0373,83.3718,78.0637,2.7923
418,20.900000,0,174.8075,178.7650,169.4263,170.0225,151.4862,169.9248,82.3102,77.8063,2.8082
419,20.950000,0,174.3770,178.3744,169.1285,169.7163,160.7200,169.6491,79.7949,76.6012,2.8749
420,21.000000,0,174.6048,178.0095,169.6099,169.7632,167.6839,169.7582,75.8225,74.5607,2.6629
421,21.050000,0,173.8118,178.3408,169.5060,169.7487,173.6015,170.4125,70.5553,71.4857,2.5717
422,21.100000,0,174.1765,178.1689,169.7520,169.5458,174.7597,170.9372,63.6180,66.3170,2.6433
423,21.150000,0,174.1904,177.8939,168.8318,169.0904,169.9001,170.3058,54.9999,58.7893,3.2517
424,21.200000,0,175.2898,177.9830,169.0547,169.2723,166.3971,169.9501,46.3904,50.6502,3.5198
425,21.250000,0,175.3295,178.1846,168.7614,169.3777,163.9177,171.4125,37.8295,41.9896,3.8017
426,21.300000,0,176.1490,178.4539,168.9551,169.1696,165.6820,171.5207,30.7863,33.3999,4.0878
427,21.350000,0,176.5564,178.4457,168.2824,168.6041,167.6025,171.5679,25.5009,25.8577,4.5228
428,21.400000,0,176.9814,178.3446,167.7774,168.3041,169.6913,171.4987,21.8610,20.2706,4.7552
429,21.450000,0,177.7344,178.2250,168.2973,167.9223,171.8475,170.5831,19.3213,17.2923,4.8053
430,21.500000,0,177.9922,178.2801,168.1121,167.5069,172.4944,169.1938,17.8431,16.3736,5.0556
431,21.550000,0,178.4250,177.5830,168.5767,167.7933,172.8136,169.1207,17.1065,15.3435,5.2040
432,21.600000,0,178.5835,175.2517,169.4795,168.7009,172.9190,168.3162,16.7524,15.1381,5.2346
433,21.650000,0,177.8413,171.4204,169.7666,169.4781,172.5528,167.4567,16.9785,15.7464,5.5139
434,21.700000,0,177.1289,162.9793,169.1272,170.1121,171.0932,166.8401,17.3854,16.4567,6.0843
435,21.750000,0,176.9622,151.5772,168.3232,168.1725,170.1872,166.5044,18.3995,17.1907,6.6285
436,21.800000,0,176.6798,131.6321,167.5268,158.8919,170.2161,165.5858,18.8820,17.9866,6.8687
437,21.850000,0,176.8134,113.7791,167.5368,146.8056,170.4762,164.6916,19.5040,18.7158,6.8754
438,21.900000,0,176.9631,97.6445,168.1789,136.0534,170.7257,163.7165,20.4154,19.1292,6.7512
439,21.950000,0,175.8404,86.3405,169.5715,124.3409,169.8012,163.4391,21.0155,19.6073,6.0599
440,22.000000,0,176.6553,78.6869,170.6544,110.3544,169.8250,162.0878,21.1484,19.0454,5.2103
441,22.050000,0,176.9093,75.0243,170.9487,103.2206,169.0744,161.8018,21.5766,18.6930,5.2017
442,22.100000,0,175.1158,71.1354,171.5683,95.6558,169.0037,161.2266,21.7784,18.6424,5.1081
443,22.150000,0,173.1577,70.5758,172.0868,91.0698,168.9804,160.4915,21.7005,18.4025,5.0979
444,22.200000,0,173.2923,72.4285,172.2566,91.5066,168.8468,158.9034,21.7311,18.1291,5.1620
445,22.250000,0,173.9340,73.4771,172.0940,93.2451,169.9474,159.0317,21.5201,17.9686,5.2702
446,22.300000,0,175.0243,75.3857,170.8582,97.1795,169.9137,159.5779,21.8633,18.3012,5.8124
447,22.350000,0,175.1296,,169.6196,,169.6139,159.9073,22.2574,18.7311,6.4537
448,22.400000,0,175.7954,,168.6486,,169.4349,159.7740,22.2348,19.3894,7.1283
449,22.450000,0,175.6727,,168.2075,,168.8409,159.9694,21.5784,19.9071,7.5073
450,22.500000,0,175.6225,91.9202,167.6680,120.5990,168.5784,159.7855,20.7867,20.4541,7.8407
451,22.550000,0,176.5322,113.4270,166.9516,140.8027,167.9782,160.3888,19.8849,20.5044,7.9297
452,22.600000,0,178.2631,133.2705,165.7975,157.3924,167.5848,160.6040,18.7259,20.2686,7.9092
453,22.650000,0,179.2527,147.3391,165.4363,166.7687,167.6431,159.9457,17.6984,19.8660,7.5832
454,22.700000,0,179.0240,158.3372,165.6118,172.5037,167.6180,160.0301,16.8429,19.4541,7.3345
455,22.750000,0,178.5084,166.5535,165.1623,173.9098,167.6871,160.5560,15.9549,19.0548,6.9164
456,22.800000,0,177.0632,172.1162,164.7639,173.2410,167.7561,161.2482,15.5322,18.6534,6.3864
457,22.850000,0,176.7675,176.2713,165.5658,172.4506,169.2489,162.6223,15.3855,18.6296,5.6821
458,22.900000,0,176.5916,179.2420,165.7126,171.5235,170.1254,162.7164,15.6503,18.7671,5.1200
459,22.950000,0,176.2522,178.1028,165.9861,170.7829,171.0127,163.2745,15.7917,18.9005,4.6805
460,23.000000,0,176.8271,177.5523,166.3240,170.4010,170.7787,163.6135,16.1684,19.0528,4.2778
461,23.050000,0,176.8291,177.0135,166.5129,170.1250,170.3298,164.0290,16.2582,19.3318,3.9003
462,23.100000,0,176.6788,176.4406,166.7605,169.9030,170.5000,163.9260,16.5940,19.5457,3.6153
463,23.150000,0,176.9711,176.0794,167.1776,169.7553,171.4551,164.9482,17.5386,19.5590,3.3986
464,23.200000,0,176.9809,176.4884,167.3060,169.4811,170.7793,164.8704,18.5264,19.8287,3.3807
465,23.250000,0,176.0268,177.2396,166.8579,169.2715,168.6871,164.4022,19.6861,19.9209,3.6081
466,23.300000,0,176.9396,178.8064,167.6483,169.2258,166.8636,163.6999,20.9505,19.9682,3.8401
467,23.350000,0,177.5607,175.4602,168.5157,169.9935,167.3465,161.5307,22.3176,19.5987,3.9893
468,23.400000,0,177.7147,167.6092,169.3257,169.5941,167.8450,159.4425,23.4758,19.3815,4.2045
469,23.450000,0,177.8948,155.4731,169.8509,166.5461,167.4775,158.4811,24.4851,19.2508,4.4584
470,23.500000,0,176.7798,140.4021,170.3163,160.3451,166.6290,156.8903,25.5248,19.5639,4.8951
471,23.550000,0,175.8010,116.3001,170.2879,146.5438,166.7761,157.5099,26.3258,19.6919,5.3856
472,23.600000,0,175.3582,99.7292,170.3862,131.9576,166.5984,159.3427,26.3642,19.8290,5.4076
473,23.650000,0,174.7772,87.4426,171.2786,117.9638,167.4963,159.0751,25.9132,19.8167,5.1189
474,23.700000,0,172.1040,76.2013,172.0214,105.0055,167.8993,156.9740,25.3507,19.5693,4.9036
475,23.750000,0,170.0259,70.4806,172.1269,95.1013,168.4513,,24.3294,,4.5684
476,23.800000,0,169.4237,67.1422,171.7993,88.1558,168.4909,,23.4657,,4.4830
477,23.850000,0,166.8185,65.3760,169.6082,84.5993,169.0847,,22.8163,,4.6183
478,23.900000,0,167.3987,64.6336,169.8832,83.4718,170.4891,159.9109,22.7071,19.6959,4.7579
479,23.950000,0,168.3999,67.3309,170.3342,86.2571,169.9041,,22.3207,,4.9545
480,24.000000,0,169.5628,,170.1365,,170.8421,163.2457,22.9358,19.9537,5.4410
481,24.050000,0,169.9165,,170.0687,,171.2280,163.7339,23.5814,20.5270,5.6705
482,24.100000,0,170.8326,,170.5477,,170.5795,162.9345,24.5926,20.7837,6.0071
483,24.150000,0,170.5844,,170.7217,,170.0529,162.7027,25.5818,20.8990,6.4778
484,24.200000,0,171.1604,86.0062,171.4296,111.2352,169.5442,161.0170,26.0589,21.2295,6.4458
485,24.250000,0,171.8636,115.8485,171.2759,139.0322,169.2141,160.3330,26.2645,20.9792,6.3737
486,24.300000,0,172.8149,139.0164,170.8188,158.4896,168.7286,158.9232,26.4154,20.6910,6.3800
487,24.350000,0,173.6877,152.9339,170.3033,169.1498,169.2070,159.1657,26.4193,20.0517,6.3607
488,24.400000,0,175.8336,163.4194,169.1602,173.9934,168.8585,158.5957,26.1223,19.4446,6.1720
489,24.450000,0,177.5178,169.0886,168.0380,174.5517,168.7001,158.7835,25.2523,19.0099,6.0245
490,24.500000,0,178.7866,173.6184,167.6451,173.1320,167.9248,159.3476,23.3439,18.8457,5.7225
491,24.550000,0,179.2242,175.9972,166.8905,172.1995,168.4010,160.0449,21.1469,18.8560,5.3637
492,24.600000,0,178.0304,178.5697,166.0851,171.3595,170.3336,160.6956,18.8802,19.0903,5.2945
493,24.650000,0,177.7915,179.1228,166.3165,170.1447,173.9313,161.5763,16.9653,19.5106,4.8961
494,24.700000,0,177.9540,178.4572,166.4235,169.6949,174.6668,163.2032,15.4170,19.8055,4.8200
495,24.750000,0,178.3143,177.9799,166.7919,169.5344,174.8540,164.2359,14.2326,19.9729,4.7629
496,24.800000,0,177.9588,177.6994,167.8690,169.4362,174.5971,165.3210,14.5608,20.5189,4.5765
497,24.850000,0,175.0237,177.2255,169.5699,169.2746,172.7117,165.2097,15.1443,20.8778,4.8029
498,24.900000,0,170.6902,176.7155,171.4930,169.5657,171.9999,165.1626,16.1217,21.0473,5.0563
499,24.950000,0,164.6391,176.4457,174.1712,169.5106,170.4972,165.4368,17.2411,21.3442,5.3966
500,25.000000,0,156.0893,175.6185,173.1950,170.6205,170.2509,165.5473,18.3706,21.0914,5.2776
501,25.050000,0,,175.6932,166.4843,171.2853,169.0347,164.9617,19.3784,21.0375,5.2683
502,25.100000,0,127.6757,177.9201,155.1570,171.7840,167.5189,164.8650,20.0765,20.6738,5.0179
503,25.150000,0,114.7122,178.6640,142.3159,172.6713,166.0815,164.1145,20.4040,20.4501,4.4965
504,25.200000,0,,179.1345,,173.3847,163.0725,163.2930,20.4756,20.5028,3.8532
505,25.250000,0,101.0743,177.5671,121.3639,174.2436,159.9023,162.3635,20.5982,20.4073,3.1666
506,25.300000,0,87.2060,176.5597,106.3431,174.4699,159.0719,161.6754,20.8222,20.5067,3.2715
507,25.350000,0,79.9920,175.5910,96.0391,174.5329,157.0331,161.3387,20.9890,20.8261,3.5059
508,25.400000,0,76.8276,174.6192,90.5891,174.5378,,161.9624,20.9433,21.1068,3.9269
509,25.450000,0,76.0518,174.0070,88.6680,174.4094,154.3960,162.5112,21.1487,21.4625,4.2309
510,25.500000,0,75.5293,173.6797,90.3829,174.3737,,162.3748,21.1396,21.5609,4.3167
511,25.550000,0,78.7011,174.7053,95.3261,174.1081,154.8821,162.5186,21.6412,21.7464,4.1977
512,25.600000,0,86.2159,176.5248,102.9088,174.0497,155.8975,163.6073,22.3877,21.7867,3.9150
513,25.650000,0,97.3716,176.9356,115.9323,174.5874,157.5138,164.3397,22.9694,21.4436,3.5531
514,25.700000,0,112.5559,175.5232,131.1514,174.9874,159.7153,164.6724,23.2485,21.1513,3.4469
515,25.750000,0,127.9196,175.4850,144.5146,175.1866,161.9204,164.3852,23.2856,20.8676,3.4702
516,25.800000,0,142.9284,175.5012,155.5181,174.9340,163.4548,163.8865,22.4676,20.7971,3.5341
517,25.850000,0,156.3150,176.5996,163.0328,174.4551,164.3223,164.0094,22.0598,20.8716,3.3554
518,25.900000,0,164.4397,177.5733,166.1236,173.5465,165.9381,164.6900,21.7536,21.1419,3.3014
519,25.950000,0,171.0405,178.6741,167.0173,172.9724,166.7461,165.0864,21.8484,21.2555,3.1167
520,26.000000,0,176.2656,178.9749,167.1458,172.7228,166.9072,165.3011,22.3920,21.4225,2.8737
521,26.050000,0,179.3371,178.5828,167.2695,171.9910,167.9728,165.9947,22.9271,21.5919,3.0430
522,26.100000,0,177.8155,178.1514,166.7110,171.6941,166.9397,166.2336,23.8636,21.8183,2.9380
523,26.150000,0,176.4867,177.9176,166.1460,171.4467,167.0785,166.3046,24.9627,21.7519,3.0961
524,26.200000,0,175.7029,178.0915,165.6792,171.3600,167.4249,166.2070,25.5938,21.4973,3.3039
525,26.250000,0,174.9728,178.0094,165.3555,170.9301,167.9133,166.3650,25.7109,21.2355,3.6774
526,26.300000,0,174.9673,178.4925,164.8312,170.3354,168.4983,166.0239,25.5458,20.9734,4.1990
527,26.350000,0,175.9312,179.0030,164.3810,170.2401,168.1037,166.1944,24.9076,20.6083,4.5717
528,26.400000,0,176.9712,179.3906,164.7330,169.7623,168.0228,166.5943,24.2100,20.4160,5.0416
529,26.450000,0,176.9465,179.0919,165.7464,169.6237,169.1276,167.3320,23.2875,20.3088,5.4575
530,26.500000,0,171.4275,178.9717,168.6672,169.5286,168.6839,167.9138,22.0424,20.5929,5.8607
531,26.550000,0,162.9055,177.5860,172.3236,169.2464,168.2955,168.8188,21.0632,20.9276,6.3985
532,26.600000,0,151.4026,175.8916,171.8231,169.8554,166.3473,168.4204,21.0640,21.2301,6.3929
533,26.650000,0,136.3099,176.1293,163.2949,170.4653,164.0559,167.9186,21.6402,21.5088,6.2933
534,26.700000,0,,176.5641,,171.4267,162.3134,166.8019,22.3207,21.5111,5.8638
535,26.750000,0,121.8407,177.3104,146.9895,172.7386,159.1917,165.7368,23.6271,21.4211,5.0885
536,26.800000,0,101.1600,178.5226,127.8276,173.6756,156.5457,164.1417,23.6446,21.1534,4.2688
537,26.850000,0,87.1879,178.4882,109.5905,174.5206,156.7247,162.0942,22.9919,20.6996,3.4585
538,26.900000,0,78.0980,177.6779,97.5462,174.8854,158.0051,161.1401,22.6200,20.6218,3.0582
539,26.950000,0,72.5737,176.7829,87.0725,175.0585,158.8811,159.7695,21.8758,20.3121,2.7653
540,27.000000,0,69.4722,176.4737,80.8619,175.5098,,160.0622,21.3130,19.9903,2.7078
541,27.050000,0,69.7645,175.9787,79.6893,175.5751,160.7696,160.7587,20.8578,19.9093,3.0686
542,27.100000,0,69.1474,175.5426,80.7261,175.1579,162.5928,161.6704,20.4219,20.0450,3.1965
543,27.150000,0,71.6209,175.2647,85.3189,175.1826,159.9785,161.4500,20.6248,20.4338,3.0921
544,27.200000,0,76.1705,175.9364,92.0831,175.2388,158.9983,162.8983,21.2558,20.6798,2.5971
545,27.250000,0,84.6747,175.4275,102.0267,175.2942,158.9005,163.4598,22.5145,20.7949,2.0890
546,27.300000,0,97.9386,174.9363,115.8047,175.7856,158.6002,163.1855,23.4132,20.9275,2.1869
547,27.350000,0,111.4681,174.4021,130.2063,175.9319,159.6391,163.3246,24.3886,21.2335,2.8525
548,27.400000,0,124.8014,174.5485,142.3675,175.6460,161.7852,163.2814,24.8228,21.1849,3.4932
549,27.450000,0,138.5499,175.0681,153.4112,174.2883,163.4416,163.5750,24.9018,21.1421,4.2871
550,27.500000,0,148.6672,176.0889,162.0206,173.0230,162.9858,163.5344,24.6908,21.2270,4.8963
551,27.550000,0,157.2100,177.3309,168.4431,171.5906,162.7650,163.2301,24.2494,21.2026,5.3942
552,27.600000,0,163.7780,178.5817,171.3907,170.2439,161.9926,163.2066,23.8367,21.0722,5.8319
553,27.650000,0,168.4811,179.4597,171.6688,169.5059,161.1290,162.9629,23.0643,20.9482,5.9943
554,27.700000,0,171.7211,179.4068,171.4404,168.6667,160.4561,162.6430,22.2973,20.8973,6.1515
555,27.750000,0,175.1621,179.2229,170.4978,168.2017,160.5165,162.2956,21.7578,20.5775,6.0595
556,27.800000,0,176.1467,179.3763,170.6849,168.1215,161.1277,162.4020,21.0640,20.3530,5.7989
557,27.850000,0,177.1723,178.8500,171.1248,168.2358,161.7496,161.7868,20.6904,20.0633,5.1732
558,27.900000,0,177.6962,177.8915,171.6149,168.4574,162.3246,161.7547,20.5906,19.8892,4.3564
559,27.950000,0,178.3749,177.2826,172.4942,168.9948,162.9749,162.1279,20.2978,19.8173,3.2245
560,28.000000,0,177.5875,176.3709,174.8415,169.0203,164.0936,161.6562,20.1802,19.8694,2.5962
561,28.050000,0,177.2380,176.2421,175.6326,168.5890,165.3516,162.2130,20.0524,20.0706,3.3168
562,28.100000,0,176.8694,176.2829,174.8071,167.5883,165.4500,162.9095,20.1887,20.8021,4.9921
563,28.150000,0,176.9638,177.6501,172.1735,166.3799,166.0603,162.7611,20.4983,21.3897,7.1831
564,28.200000,0,176.0194,178.4957,170.0257,165.0910,165.8457,163.2262,20.6355,21.3648,9.1893
565,28.250000,0,175.8929,179.0014,167.9850,163.5749,165.8724,164.6151,20.8903,21.9975,11.2260
566,28.300000,0,175.2075,179.0836,164.5502,161.4167,165.2852,164.7980,21.4298,22.6656,13.9171
567,28.350000,0,176.4714,179.8629,159.7103,156.9001,164.5743,167.6705,22.1962,25.3919,17.9077
568,28.400000,0,177.6081,179.2156,155.6708,152.8201,163.9850,167.4225,23.5989,26.8500,21.6190
569,28.450000,0,,,,,164.3670,166.9960,,,
570,28.500000,0,175.4759,177.1332,142.3797,143.2374,165.3040,167.4724,28.1853,31.3458,31.2468
571,28.550000,0,,,134.4752,,162.3266,163.8750,34.4070,36.9776,40.5902
572,28.600000,0,,,,127.7592,161.2541,162.1371,,41.1626,
573,28.650000,0,,,,,161.9483,160.1956,,,
574,28.700000,0,,,,,,,,,
575,28.750000,0,,,,,160.6912,162.2769,,49.4278,
576,28.800000,0,173.0467,168.7426,104.7606,104.7057,162.1931,162.4762,52.4603,53.9026,63.5402
577,28.850000,0,172.2695,,102.7434,,165.0609,,57.9699,,
578,28.900000,0,,,,,,160.1862,,,
579,28.950000,0,,,,,162.8002,164.4880,,,
580,29.000000,0,,,,,,,,,
581,29.050000,0,,,,,,,,,
582,29.100000,0,,,,,,,,,
583,29.150000,0,,,,,,,,,
584,29.200000,0,,,,,,164.0185,,,
585,29.250000,0,,,,,,,,,
586,29.300000,0,,,,,,,,,
587,29.350000,0,,,,,,,,,
588,29.400000,0,,,,,,,,,
589,29.450000,0,,,,,,,,,
590,29.500000,0,,,,,,,,,
591,29.550000,0,,,,,,,,,
592,29.600000,0,,,,,,,,,
593,29.650000,0,,,,,,,,,
594,29.700000,0,,,,,,,,,
595,29.750000,0,,,,,,,,,
596,29.800000,0,,,,,,,,,
597,29.850000,0,,,,,,157.5069,,,
598,29.900000,0,,,,,,162.1843,,,
599,29.950000,0,,,94.3064,63.8537,138.2348,,52.7307,88.3125,92.2078
600,30.000000,0,170.1942,153.5555,90.5281,73.5960,146.9993,174.1386,54.3747,79.8775,83.4411
601,30.050000,0,169.1967,155.2539,92.0580,80.9602,153.6341,174.3363,54.8589,72.5207,75.8312
602,30.100000,0,169.5037,157.8141,98.3271,91.6454,157.9731,172.4703,52.3808,64.3459,67.6910
603,30.150000,0,168.7212,159.8754,104.9004,99.9394,161.5630,169.9390,49.2045,58.0722,60.2610
604,30.200000,0,167.1208,,107.4930,,160.8273,165.1206,48.1111,55.0033,58.1239
605,30.250000,0,168.6414,165.1024,115.1941,112.9054,162.2733,165.1431,44.1178,49.6219,51.3162
606,30.300000,0,170.2729,167.8898,122.9699,121.2348,163.5928,166.1267,40.9603,44.7981,44.7596
607,30.350000,0,171.4146,171.5042,130.0045,129.2723,165.1279,167.1860,38.4212,41.3236,39.2665
608,30.400000,0,,,133.1658,,167.1238,164.6010,37.5954,38.4816,35.3270
609,30.450000,0,,,,,169.0045,162.5420,36.4667,35.9212,31.3479
610,30.500000,0,171.7202,175.1358,143.9142,144.5148,170.0530,164.1328,34.4139,33.9870,27.0628
611,30.550000,0,173.5828,177.2280,149.5875,150.7144,171.2818,166.2327,32.2575,32.1102,23.1163
612,30.600000,0,175.3945,179.2257,154.9256,156.0671,171.7654,167.5422,29.9521,30.5515,19.2909
613,30.650000,0,176.2548,179.3890,158.8684,160.3657,171.7034,167.7509,28.1989,29.2179,16.0874
614,30.700000,0,177.3150,178.2260,162.9946,163.9893,171.9863,167.9274,26.5241,28.1790,13.2261
615,30.750000,0,177.9327,177.5801,166.0857,166.8823,171.8988,167.3435,24.8961,27.1058,10.6668
616,30.800000,0,177.8551,175.8446,168.7896,169.9567,171.3219,167.1329,23.3570,25.5995,8.1832
617,30.850000,0,178.2757,175.4531,170.6133,171.6782,170.8649,167.3275,22.0368,23.9929,6.1008
618,30.900000,0,178.2233,175.0418,171.7869,172.1096,170.6369,167.4038,21.0482,23.0906,4.3910
619,30.950000,0,178.4073,174.7747,172.1377,171.7900,170.7769,167.6824,19.9742,22.2063,2.8140
620,31.000000,0,178.1486,174.3040,171.6525,170.7548,170.7254,168.0051,18.9185,21.7858,1.6648
621,31.050000,0,178.0459,173.3833,171.0303,169.6847,170.9636,168.8124,18.3988,21.7577,1.0054
622,31.100000,0,177.8122,172.9402,171.4717,169.1924,171.0650,168.4719,18.0220,21.7933,1.1815
623,31.150000,0,177.3793,172.3809,171.7709,169.2056,170.8646,169.1440,17.8551,21.9951,1.6879
624,31.200000,0,177.3718,172.6369,173.1061,169.4049,171.0243,169.3936,18.0849,22.8183,2.6447
625,31.250000,0,177.3578,172.7440,174.2272,169.5809,170.9583,169.5620,18.6014,23.5448,4.2602
626,31.300000,0,177.3584,172.4912,174.6997,169.1100,171.3013,170.0248,19.5365,24.8753,6.2680
627,31.350000,0,176.7468,173.3968,172.9189,167.9384,170.8756,170.2116,20.4896,25.8603,8.4667
628,31.400000,0,175.3746,175.0931,168.4852,165.4270,171.1415,170.2833,22.6567,27.7397,11.8042
629,31.450000,0,,,,,171.3197,168.9439,26.4692,29.9273,16.5271
630,31.500000,0,173.8714,178.2698,154.2693,153.5366,169.7086,169.8955,29.2687,32.9277,21.2777
631,31.550000,0,174.6058,176.1327,149.0305,147.6790,168.4064,170.0352,31.3200,34.8777,26.0304
632,31.600000,0,,,,,165.4809,167.6534,,,
633,31.650000,0,,,,,,,,,
634,31.700000,0,,175.7101,,136.6682,164.8436,166.4117,,41.0830,
635,31.750000,0,170.0978,,124.6724,,162.1750,163.2365,44.9856,,
636,31.800000,0,,,,,,,,,
637,31.850000,0,168.8257,171.5095,105.6670,114.8894,164.0332,164.2831,57.3017,54.4561,60.8333
638,31.900000,0,166.5591,167.4061,96.9591,104.5512,159.4813,159.9303,59.7651,59.7202,66.8996
639,31.950000,0,,,,,,,,67.3323,
640,32.000000,0,,,,,,172.7325,69.5855,,
641,32.050000,0,,,,,166.9147,175.6189,,,
642,32.100000,0,,160.6901,,70.8464,166.4332,174.9551,81.0158,87.9331,92.3234
643,32.150000,0,,,,,,,,,
644,32.200000,0,,,,,,,,,
645,32.250000,0,,,,,,,,,
646,32.300000,0,,154.0146,,55.3789,,169.3099,,93.5482,
647,32.350000,0,,,,,,,,,
648,32.400000,0,,,,,,,,,
649,32.450000,0,,,,,,,,,
650,32.500000,0,,,,,,,,,
651,32.550000,0,,,,,,,,,
652,32.600000,0,,,,,,,,,
653,32.650000,0,,,,52.9403,,,,,95.3648
654,32.700000,0,,,,,,,,94.5024,
655,32.750000,0,,,,55.0648,162.1310,167.0982,74.6360,90.2427,91.0016
656,32.800000,0,,,,55.1417,163.1390,,74.6242,89.7015,90.8486
657,32.850000,0,,,78.6859,60.1477,165.4520,166.5664,71.5146,85.7499,87.8046
658,32.900000,0,,,78.8851,,169.3108,160.3825,68.9749,75.7835,81.2893
659,32.950000,0,158.9802,147.7339,84.0093,76.0167,170.2560,164.6562,63.8918,69.8345,74.4064
660,33.000000,0,,156.7125,,88.9653,166.6417,165.1839,57.1136,64.0606,68.8771
661,33.050000,0,163.7046,160.4913,98.9851,97.5329,165.5975,166.2296,51.0429,59.1787,62.8102
662,33.100000,0,163.5713,162.3743,105.5088,104.6847,165.1591,167.1802,44.8754,54.0741,56.9764
663,33.150000,0,165.1506,165.4665,113.9221,113.9227,164.1391,167.1136,39.0129,48.3534,50.8612
664,33.200000,0,167.0041,167.8667,123.6460,123.2945,163.1400,167.2289,32.9353,43.1573,44.1778
665,33.250000,0,167.5535,171.6716,131.8675,132.0507,164.3763,168.1889,29.4037,39.4231,38.3685
666,33.300000,0,169.7102,172.9040,138.7754,138.9405,164.0335,168.4631,26.4951,35.8173,33.5455
667,33.350000,0,170.1457,173.8365,143.8418,144.0393,163.2029,168.2875,23.9967,32.5831,29.4632
668,33.400000,0,171.6658,174.9525,148.8968,149.1852,165.3274,168.0978,23.6740,29.6215,25.1921
669,33.450000,0,172.7410,176.5126,153.0818,154.1502,165.7424,169.2092,22.4664,27.1937,21.3249
670,33.500000,0,172.5181,177.2550,155.9076,158.3929,165.4541,169.8402,21.8989,25.3934,17.9580
671,33.550000,0,173.6185,177.1696,159.4677,161.1632,162.5303,169.6397,21.2735,24.0546,15.2416
672,33.600000,0,173.1138,177.4392,162.3087,163.9108,160.7251,166.8655,20.4278,22.3381,12.5808
673,33.650000,0,172.7316,178.1340,165.3108,165.7771,159.1315,164.3340,19.5179,21.2081,10.0063
674,33.700000,0,174.1919,178.6497,168.0964,166.9783,158.2748,162.0911,18.8057,20.2338,8.1497
675,33.750000,0,174.5395,179.9031,170.4518,167.3534,158.3838,159.5009,18.5842,19.6693,6.4861
676,33.800000,0,175.1346,179.3256,171.8785,167.4935,157.7424,156.9589,17.7632,19.4254,5.2518
677,33.850000,0,174.9525,178.8504,173.5794,167.3842,157.7183,155.2295,17.0471,19.1596,4.0118
678,33.900000,0,174.7010,178.6631,174.3100,167.1853,156.5728,153.0409,16.5949,19.1459,3.3716
679,33.950000,0,174.6582,178.2585,174.6187,167.0593,154.9094,150.7874,15.8483,19.2578,2.8766
680,34.000000,0,174.2269,178.3806,174.4179,166.9868,152.5849,148.8691,15.3693,19.3298,2.3504
681,34.050000,0,173.5370,178.8051,173.7468,167.7839,148.4999,146.8558,15.3906,19.7656,2.5910
682,34.100000,0,172.4015,178.9237,173.8687,168.0216,142.8519,142.4790,15.6152,20.1330,2.3083
683,34.150000,0,171.6460,179.0459,173.4743,168.5081,135.1916,137.5465,16.3948,21.7716,2.6511
684,34.200000,0,171.6035,179.1489,173.7865,168.5393,127.6616,131.7706,17.0013,24.0719,2.8132
685,34.250000,0,171.0679,177.9984,172.9306,168.4122,119.6800,124.8662,18.2363,27.1947,3.9292
686,34.300000,0,170.3231,175.7181,170.8809,167.4995,112.0860,117.3275,20.2022,30.9617,5.4688
687,34.350000,0,168.3229,171.9667,167.8174,164.9377,104.9574,109.2542,22.6390,35.8890,6.9835
688,34.400000,0,166.0240,167.8073,163.6065,161.7946,99.9708,102.3420,27.0772,39.7793,8.6095
689,34.450000,0,163.0377,162.9844,159.1160,157.2043,95.9435,94.6257,34.3962,44.9518,10.4750
690,34.500000,0,159.0917,157.7735,153.3246,151.7921,91.4796,88.8113,41.4613,49.4143,13.0615
691,34.550000,0,154.4234,151.0188,146.8964,145.2004,86.9189,83.6994,48.0511,54.3368,15.6990
692,34.600000,0,149.6988,144.9315,140.6600,137.9162,83.0929,79.2687,54.5889,58.7564,18.5173
693,34.650000,0,143.3646,138.6143,132.9009,130.6344,78.8319,75.1057,63.4403,63.0782,21.3778
694,34.700000,0,136.2112,132.0251,124.2242,122.4480,74.6241,70.8140,69.8783,68.3135,24.7747
695,34.750000,0,130.8972,125.0641,117.8675,114.7639,69.8551,68.3039,74.7960,72.7705,27.5857
696,34.800000,0,126.0702,118.9836,111.4522,107.3818,66.5628,66.1934,79.0915,76.6559,30.4028
697,34.850000,0,122.3270,,106.7243,,64.1474,64.2467,81.0238,79.3092,32.6630
698,34.900000,0,119.4205,112.3063,103.4893,96.6767,62.1764,62.5563,81.7805,80.5669,34.3813
699,34.950000,0,115.7033,108.2633,99.5191,92.2257,61.5304,61.2258,81.5253,80.7632,35.1031
700,35.000000,0,110.0642,101.7470,92.0321,84.8279,60.6290,60.5330,82.5589,82.5930,37.1585
701,35.050000,0,105.1801,97.6407,87.6437,80.1801,59.4913,59.6603,81.0491,82.3260,38.1947
702,35.100000,0,99.2296,93.6456,81.3860,74.5262,59.0672,59.5942,80.3756,83.2234,39.6707
703,35.150000,0,95.4535,89.1885,77.5600,69.2618,58.8362,58.5282,78.7555,82.0979,39.7777
704,35.200000,0,91.7231,87.3260,74.7961,67.6371,58.3422,58.1281,76.2169,80.7001,39.5408
705,35.250000,0,88.4332,86.8960,72.1609,67.0655,58.8686,58.1445,76.0297,80.5026,39.9147
706,35.300000,0,90.1150,87.7060,72.9579,68.5493,59.8166,58.6620,75.5742,79.8764,39.8613
707,35.350000,0,92.0018,90.6434,75.3753,71.5713,60.6429,59.1771,75.6300,79.8117,39.5905
708,35.400000,0,93.6760,91.8649,76.9416,72.6376,61.4128,59.3443,76.8704,80.7836,39.5952
709,35.450000,0,97.2214,94.4333,80.1676,75.3393,61.6278,59.2859,78.5554,81.3260,39.4478
710,35.500000,0,102.4622,99.9398,85.8752,81.0116,61.0339,58.7684,79.6224,81.8947,38.6465
711,35.550000,0,106.5314,103.2123,89.5826,84.5711,60.2637,59.1088,80.8338,81.1334,37.5849
712,35.600000,0,111.3602,109.4426,95.6584,92.2418,61.1305,59.4627,80.1947,78.2725,35.2494
713,35.650000,0,116.9332,117.7100,102.3603,101.7370,62.8104,60.0528,78.0770,74.3424,32.6451
714,35.700000,0,123.4565,125.8259,110.2145,111.8459,63.1556,61.3948,75.1184,68.9550,29.4047
715,35.750000,0,129.5898,133.0868,117.7066,121.0594,64.9532,62.8866,71.0464,64.0570,26.1800
716,35.800000,0,136.4563,141.2198,126.3192,130.2644,66.6876,63.9832,67.0448,59.0226,22.8378
717,35.850000,0,143.5765,150.0636,134.4120,139.4131,68.4626,64.1600,63.0429,55.0599,19.8210
718,35.900000,0,149.5259,156.6223,141.0740,146.5762,69.1987,63.8412,59.5277,51.6795,17.1969
719,35.950000,0,155.7687,162.7410,147.8750,153.3214,71.5330,64.8749,56.6967,49.3152,14.6446
720,36.000000,0,161.1539,168.3398,154.0724,159.7649,72.8567,65.3416,54.0460,47.4191,12.1180
721,36.050000,0,166.4334,172.8078,160.0225,165.5039,73.9018,65.1518,51.4286,45.9214,9.7643
722,36.100000,0,170.8302,176.0899,164.1754,169.5121,73.9895,64.2911,50.0198,45.3215,7.9783
723,36.150000,0,174.1954,176.9391,167.3187,172.3783,75.1106,63.7406,48.6877,44.9288,6.4032
724,36.200000,0,176.1163,175.9043,169.5134,173.9345,74.2906,63.8456,47.0336,44.7706,4.9681
725,36.250000,0,176.7432,174.7199,170.3222,174.5836,72.8624,63.8804,45.6549,44.3950,4.2005
726,36.300000,0,176.6418,174.0830,170.8741,174.4413,72.8960,63.8588,44.9539,44.4458,3.6188
727,36.350000,0,176.2588,172.9755,170.9490,174.0936,71.5947,63.3843,43.8068,44.1525,3.0958
728,36.400000,0,176.0078,172.6922,171.0593,173.6650,71.4996,63.2452,43.5298,44.2786,2.7483
729,36.450000,0,175.8193,172.4530,171.2369,173.2486,70.6331,63.5596,43.2270,44.3166,2.4712
730,36.500000,0,175.6803,172.7881,171.6622,173.0340,69.3506,63.7340,43.6194,44.2914,2.6157
731,36.550000,0,175.5808,173.8594,172.4381,172.9077,69.9554,63.4227,44.3465,44.7731,2.9276
732,36.600000,0,175.4932,175.7726,172.8025,172.5582,70.2254,62.7203,45.7549,45.7050,3.8654
733,36.650000,0,174.9056,178.2475,171.1427,171.2811,70.9790,62.2131,48.1299,46.9595,5.4437
734,36.700000,0,172.0047,175.7634,167.2025,167.1707,69.6227,62.5239,51.3196,49.4561,7.6415
735,36.750000,0,168.0972,169.6015,162.1325,161.0744,70.2290,62.7179,55.5255,52.6206,10.0997
736,36.800000,0,162.5373,162.4702,155.1373,153.9699,70.0797,62.9872,59.6493,55.5283,12.9030
737,36.850000,0,158.0485,155.5134,148.1241,146.0450,72.1287,63.6748,64.3634,59.5293,15.9394
738,36.900000,0,152.0017,147.4601,139.9628,136.8792,71.3634,63.0600,69.5812,63.7662,19.4402
739,36.950000,0,143.8564,139.1139,130.8105,128.0939,69.2363,62.6805,75.1284,67.9673,22.7427
740,37.000000,0,136.0620,131.8883,121.5248,118.7751,68.4265,62.6918,79.5887,72.8191,26.5463
741,37.050000,0,129.2013,124.3679,112.9708,109.7282,67.1080,62.9240,83.3375,76.7518,30.1776
742,37.100000,0,124.5309,116.6034,107.4855,101.1833,66.5369,62.8578,85.8537,80.3851,32.8899
743,37.150000,0,119.6532,110.6908,102.9729,95.6899,66.7737,62.4083,86.6700,82.5613,34.2777
744,37.200000,0,113.2145,,96.3941,,65.8668,62.1188,86.9762,84.5293,35.6110
745,37.250000,0,104.3176,97.4535,87.1552,80.0566,64.9845,61.5195,87.4850,87.2275,37.5271
746,37.300000,0,95.6679,91.1418,78.0118,72.0094,64.9008,61.1003,88.1960,89.1301,39.2865
747,37.350000,0,89.1905,83.4297,70.6022,65.5994,65.3428,60.6659,87.9267,89.4421,40.0038
748,37.400000,0,83.0038,77.6219,65.1281,60.1102,65.7541,60.2443,87.4953,89.8832,40.6050
749,37.450000,0,80.4482,74.5413,62.3317,58.4227,66.5389,59.7949,86.6201,88.5269,40.4381
750,37.500000,0,79.6548,73.6684,62.1034,58.4906,66.8996,59.5820,85.4487,87.4799,39.7722
751,37.550000,0,78.6541,73.5150,61.3901,58.5694,66.1300,58.8473,85.1970,87.6973,39.9087
752,37.600000,0,80.9814,77.7662,64.9853,62.6680,66.2256,59.3238,85.7504,87.7863,39.4547
753,37.650000,0,85.4764,,69.5550,,65.7269,59.6062,85.3842,87.4299,38.3738
754,37.700000,0,90.2813,83.9180,74.7548,70.3807,64.1065,59.7421,86.5552,87.4575,37.5985
755,37.750000,0,96.9594,89.9936,81.9863,76.2157,62.4488,60.0385,87.1108,87.1183,36.6471
756,37.800000,0,103.2898,98.2917,88.5836,84.4096,62.3647,60.5151,87.8370,86.3361,35.3061
757,37.850000,0,108.4447,106.8891,94.8139,93.1521,61.6724,59.9319,87.6828,84.8070,33.4120
758,37.900000,0,115.4985,116.3499,102.9876,103.5814,61.8582,61.0212,85.6261,81.4637,30.5279
759,37.950000,0,123.5251,125.0384,111.5240,113.1934,62.9637,62.9650,82.9265,78.1370,27.6961
760,38.000000,0,130.2441,133.7215,120.1120,122.6295,65.4651,62.7695,78.2761,73.4729,24.1198
761,38.050000,0,136.3781,141.2911,127.6037,130.5365,65.9639,61.9665,74.4547,70.0237,21.1376
762,38.100000,0,143.1084,148.8493,135.5339,138.3549,68.6634,61.0502,70.8593,66.9319,18.0241
763,38.150000,0,150.1840,156.4839,142.9514,146.4559,67.5953,60.7744,67.7893,64.3688,15.3541
764,38.200000,0,155.5302,162.6308,149.0600,153.0426,66.7192,60.1382,65.3264,62.1119,13.0407
765,38.250000,0,161.0050,167.7368,155.0558,158.8396,65.8714,60.2687,62.7422,60.5415,10.9536
766,38.300000,0,166.0080,171.3996,160.7173,164.0297,65.4145,60.3224,60.7198,59.3388,8.7384
767,38.350000,0,170.3252,174.0319,166.0119,168.3229,65.9656,60.4687,58.8940,58.1864,6.2892
768,38.400000,0,173.6016,175.9706,169.7891,171.6645,65.0675,60.7826,56.9511,57.0851,4.3777
769,38.450000,0,175.8688,176.1164,171.8975,173.4907,65.2578,60.7434,55.5156,56.3131,2.8872
770,38.500000,0,176.9352,175.1234,172.7076,173.8640,64.7662,60.2582,54.2632,55.2519,1.7667
771,38.550000,0,177.2330,174.1805,172.8038,173.1933,64.4878,60.4618,52.8315,53.8766,0.9141
772,38.600000,0,177.1052,173.3835,172.4843,172.1181,64.5349,59.7365,51.7507,53.0577,0.9407
773,38.650000,0,176.8472,172.6431,172.1453,171.3313,64.1941,59.0386,51.2342,52.5167,1.3127
774,38.700000,0,176.7181,172.3914,171.6874,170.3563,63.8032,58.4742,50.5603,51.8066,1.7937
775,38.750000,0,176.3433,172.0701,171.4612,169.9895,62.9916,58.3057,50.2104,51.7844,1.8920
776,38.800000,0,176.4578,171.7310,171.1213,169.1989,62.4715,58.4078,50.2486,51.2182,2.2303
777,38.850000,0,176.4401,171.6566,170.9212,168.8932,62.5130,58.3005,49.8754,51.1476,2.2895
778,38.900000,0,176.3075,171.4153,170.8187,168.6124,63.0356,57.8579,49.9835,51.2477,2.3602
779,38.950000,0,176.0699,171.4897,170.6646,168.3871,63.1717,57.4454,50.0169,51.0352,2.4078
780,39.000000,0,176.2556,171.5830,170.4327,167.8254,63.4469,57.3234,49.6935,50.6354,2.6624
781,39.050000,0,176.1963,171.2962,170.1912,167.3069,63.4565,56.9446,49.4654,50.1460,2.7668
782,39.100000,0,176.5638,171.3549,170.4022,167.5479,63.9844,56.8771,49.5870,49.6087,2.5910
783,39.150000,0,176.6310,171.3905,170.3398,167.5967,64.2114,56.2676,49.3725,49.4911,2.5145
784,39.200000,0,176.5661,171.3142,170.2383,167.5514,64.7490,55.7333,49.2361,49.1683,2.5373
785,39.250000,0,176.3559,171.3551,170.1834,167.5886,64.7631,55.8651,49.1868,48.9746,2.4316
786,39.300000,0,176.2618,171.2674,170.1730,167.5333,64.2693,55.9556,49.1488,48.7774,2.3856
787,39.350000,0,176.0860,171.2500,170.2559,167.4264,63.8289,55.6384,49.1204,48.7096,2.3311
788,39.400000,0,175.8880,171.0390,170.5214,167.5456,63.5489,55.9840,49.0735,48.5755,2.1154
789,39.450000,0,176.3159,171.0051,170.8140,167.8769,64.1604,56.0534,49.3120,48.3475,1.9797
790,39.500000,0,175.8545,170.8845,170.7367,168.0454,63.6445,56.0542,49.2873,48.5435,1.9650
791,39.550000,0,175.5602,171.0065,170.9030,168.3830,63.9991,56.1721,49.2523,48.7341,1.8122
792,39.600000,0,175.3658,171.1170,170.9749,168.5490,64.1553,56.2132,48.9594,48.3373,1.6452
793,39.650000,0,175.5872,171.3909,171.5231,168.8536,64.7516,56.0559,49.1626,48.1361,1.4197
794,39.700000,0,175.8462,171.9726,172.0722,169.1118,65.8676,56.8732,49.2818,47.9346,1.2802
795,39.750000,0,175.8828,172.4732,172.8004,169.4559,67.7776,56.9157,49.3191,47.6718,0.9588
796,39.800000,0,176.0728,172.9615,173.5617,169.4873,70.8282,57.6853,49.6742,47.7999,0.6055
797,39.850000,0,176.2736,173.1189,174.3935,169.5957,75.9473,60.3418,49.9816,47.8323,0.7708
798,39.900000,0,176.1847,173.3110,174.7383,169.9994,79.6342,63.9722,50.5702,46.9753,1.7961
799,39.950000,0,175.9254,173.9580,174.9085,170.2406,79.4144,68.3265,50.8756,44.2073,3.1106
800,40.000000,0,175.6525,175.2031,174.3895,170.0915,80.7215,71.8462,50.9263,39.7628,4.3147
801,40.050000,0,175.4800,175.2632,173.8353,169.5943,81.3724,75.0023,50.8414,35.9179,5.5608
802,40.100000,0,175.6700,175.8806,172.4713,168.9817,84.9310,,50.9181,,6.9347
803,40.150000,0,175.2581,176.7189,170.9223,168.4346,89.9813,,49.9148,,8.2380
804,40.200000,0,175.0337,176.5203,169.4502,167.2164,95.1765,,49.6134,,9.7629
805,40.250000,0,175.3278,177.0647,166.4517,164.7316,101.9815,,48.9934,,11.4492
806,40.300000,0,174.7015,178.3778,162.4657,162.3388,108.7118,,49.2652,,13.2773
807,40.350000,0,170.4405,175.4322,155.7002,157.0346,114.7695,,49.5647,,16.2106
808,40.400000,0,165.4520,172.7672,148.1568,151.4313,119.7860,144.3055,49.9652,35.9165,19.8507
809,40.450000,0,159.4843,167.5029,140.7186,145.3492,122.4703,142.9398,50.1100,33.6355,23.6116
810,40.500000,0,158.1988,,133.9926,,126.3245,,49.9752,,28.1249
811,40.550000,0,156.0888,,127.1058,,130.2365,,51.0256,,32.5731
812,40.600000,0,154.9590,,120.8262,,134.2717,,52.9096,,36.9870
813,40.650000,0,153.2432,,114.1198,,137.2129,,53.9273,,41.9649
814,40.700000,0,152.5627,,108.5161,,140.9907,,55.2955,,47.3087
815,40.750000,0,151.5273,,101.1971,,144.8358,,57.5654,,53.5685
816,40.800000,0,151.0262,,94.4117,,147.7826,,59.9870,,59.4560
817,40.850000,0,147.7757,,86.3382,,149.7502,,63.2109,,65.5683
818,40.900000,0,145.8644,,77.5694,,154.9562,,66.7167,,72.3557
819,40.950000,0,143.2961,,69.9098,,156.1028,,70.9587,,78.2336
820,41.000000,0,140.0420,,63.5192,,155.9314,,73.7086,,82.8507
821,41.050000,0,135.3070,,57.6910,,153.7525,,76.4979,,86.7617
822,41.100000,0,132.7941,,52.5432,,155.3181,,78.8762,,90.2645
823,41.150000,0,129.7175,,47.9854,,156.1884,,80.8637,,93.1826
824,41.200000,0,127.9147,,45.2833,,154.6816,,81.9980,,94.8455
825,41.250000,0,126.0204,,42.7179,,154.9871,,82.4472,,95.9978
826,41.300000,0,125.3331,,42.1920,,153.5723,,82.1829,,96.7654
827,41.350000,0,125.4587,,41.9371,,152.2821,,82.6306,,97.5305
828,41.400000,0,126.0210,,42.2053,,149.8847,,82.2143,,97.5199
829,41.450000,0,125.6169,,41.8952,,149.8230,,82.5288,,97.7478
830,41.500000,0,125.8774,,41.8343,,150.9691,,82.7216,,97.7218
831,41.550000,0,125.7783,,41.7502,,151.2843,,82.5392,,97.5339
832,41.600000,0,126.3188,,42.6146,,154.6245,,82.7098,,97.1271
833,41.650000,0,126.2480,,43.1920,,153.9590,,82.1987,,96.7709
834,41.700000,0,127.9889,,44.9929,,152.7686,,81.9072,,96.2178
835,41.750000,0,129.9628,,47.0201,,151.1654,,81.1036,,95.4218
836,41.800000,0,130.7964,,50.4033,,149.2130,,79.3727,,93.4884
837,41.850000,0,133.1142,,53.3880,,144.8246,,76.8687,,91.3355
838,41.900000,0,135.0147,,58.1754,,140.7452,,73.9576,,88.1387
839,41.950000,0,,,,,,,,,87.2713
840,42.000000,0,,,,,,,,,
841,42.050000,0,,,,,,,,,
842,42.100000,0,,,,,,,,,
843,42.150000,0,,,,,129.6351,,,,
844,42.200000,0,,,,,115.6812,,,,
845,42.250000,0,149.0798,,100.0848,,105.1325,,49.8281,,55.6804
846,42.300000,0,151.3353,,106.1035,,96.9297,,45.3834,,51.2074
847,42.350000,0,153.1731,,112.7050,,91.3840,,42.5993,,45.2777
848,42.400000,0,155.4267,,118.5848,,85.9016,,41.0425,,40.6667
849,42.450000,0,157.3823,,123.8005,,80.3152,,39.7624,,36.9564
850,42.500000,0,159.0530,156.7331,130.5509,126.9880,75.7072,,38.5885,,32.3877
851,42.550000,0,160.7207,158.0478,136.2699,133.0262,71.7158,,37.5126,,28.0557
852,42.600000,0,162.8032,159.3351,142.6232,139.3163,68.2336,,36.7049,,23.7838
853,42.650000,0,164.8096,161.3659,148.5289,145.6985,66.0914,,36.1535,,19.9587
854,42.700000,0,167.9771,163.3102,155.4689,151.5577,64.4468,,35.1991,,16.1289
855,42.750000,0,170.8938,166.9332,161.4231,157.7394,63.6444,,33.9839,,12.7662
856,42.800000,0,172.5582,167.2842,167.0743,161.3336,63.2927,,31.9340,,9.6796
857,42.850000,0,173.9227,167.4238,171.0666,164.9489,62.6459,,30.8931,,7.1638
858,42.900000,0,175.7567,168.2178,175.0475,168.0838,61.2736,,30.1061,,4.7871
859,42.950000,0,176.8561,168.6169,177.0629,170.7986,60.0177,,29.5286,,2.6517
860,43.000000,0,177.1598,168.2463,176.0963,172.8062,58.5228,,29.2623,,0.9465
861,43.050000,0,177.6205,167.9309,175.0553,174.3641,56.5952,,29.0398,,0.3020
862,43.100000,0,178.0321,168.2727,173.5639,175.8332,55.1799,,28.6633,,1.2895
863,43.150000,0,177.9164,168.3689,172.5878,176.9937,54.4565,,27.9776,,2.2259
864,43.200000,0,178.3843,168.2144,171.7675,177.6502,53.2766,,27.2066,,2.9358
865,43.250000,0,177.9385,167.8581,171.1997,178.1096,52.7185,,26.6588,,3.3126
866,43.300000,0,178.1905,167.7520,170.9016,178.3847,52.1514,,26.6498,,3.6675
867,43.350000,0,178.3722,167.6557,170.5171,178.4615,51.2472,,26.2413,,4.0432
868,43.400000,0,178.3875,167.8261,170.2594,178.7270,50.8555,,25.9451,,4.3063
869,43.450000,0,178.5628,168.0867,169.9729,178.7314,50.8352,,25.2307,,4.4686
870,43.500000,0,178.2295,167.7659,170.0820,178.8792,50.8885,,25.1582,,4.3549
871,43.550000,0,178.0029,167.2058,170.2772,178.7372,50.5998,,25.2319,,4.2751
872,43.600000,0,178.4866,168.2909,170.0599,178.7746,50.3285,,25.5321,,4.2966
873,43.650000,0,177.7711,167.1198,170.4455,178.7140,50.1025,,25.4936,,4.3435
874,43.700000,0,177.1745,167.1944,170.6015,178.5641,49.8300,,25.7886,,4.3754
875,43.750000,0,176.8831,167.1060,170.7131,178.4336,49.6569,,26.1441,,4.3743
876,43.800000,0,176.8331,167.8576,170.7095,178.7257,49.4452,,25.9986,,4.5204
877,43.850000,0,176.2668,167.2227,170.7328,178.4047,49.5053,,26.2231,,4.5295
878,43.900000,0,176.4054,168.3024,170.7710,178.6264,49.4600,,26.7285,,4.5774
879,43.950000,0,176.4673,168.9055,170.7900,178.3968,49.2450,,27.1379,,4.6954
880,44.000000,0,176.4364,169.1553,170.8993,178.3803,49.4077,,27.0098,,4.8410
881,44.050000,0,175.8456,169.7502,171.0907,178.1399,49.4573,,27.4651,,4.8360
882,44.100000,0,176.0856,170.6418,170.9786,177.7801,49.2697,,27.6270,,4.8636
883,44.150000,0,175.7356,169.9683,170.9303,177.9628,48.9909,,27.9165,,5.0022
884,44.200000,0,175.4601,170.1041,171.0130,178.1601,49.1575,,27.4149,,4.9283
885,44.250000,0,175.1908,169.4558,171.1749,178.1979,49.2619,,27.6706,,4.8979
886,44.300000,0,175.5295,168.9923,171.1811,178.1524,49.4384,,27.5349,,4.8857
887,44.350000,0,175.4012,169.0148,171.3699,177.8902,49.6488,,27.5482,,4.7551
888,44.400000,0,175.2201,168.9464,171.5031,178.0292,49.6243,,27.4344,,4.6450
889,44.450000,0,175.1908,168.1200,171.3113,177.9984,49.5853,,27.6685,,4.6986
890,44.500000,0,175.0378,168.5622,171.5606,177.8630,49.5727,,28.0465,,4.5245
891,44.550000,0,175.3139,169.2389,171.5983,177.8531,49.6526,,27.4797,,4.5275
892,44.600000,0,175.3555,169.3533,171.4472,177.9748,49.2966,,27.6426,,4.5614
893,44.650000,0,175.2213,167.1705,171.6353,177.5770,49.2937,,27.8192,,4.4058
894,44.700000,0,175.4618,168.1696,171.6212,177.9278,49.1704,,27.1910,,4.5503
895,44.750000,0,175.3552,,171.7112,177.8116,49.1578,,27.6147,,4.5029
896,44.800000,0,175.6386,168.2132,171.6593,178.0597,49.2982,,27.7588,,4.5120
897,44.850000,0,175.6566,167.0842,171.5170,177.9285,49.5653,,27.4976,,4.5260
898,44.900000,0,175.6445,166.6708,171.4237,178.0160,49.6687,,27.6180,,4.5001
899,44.950000,0,175.5177,165.4713,171.5939,177.9625,49.7282,,27.6563,,4.5025
900,45.000000,0,175.5594,166.7775,171.5656,178.0443,49.9596,,27.2337,,4.4995
901,45.050000,0,175.6496,166.2153,171.3420,178.1514,50.0562,,27.3148,,4.6327
902,45.100000,0,175.7780,166.4791,171.5580,178.1613,49.8775,,27.0281,,4.6474
903,45.150000,0,175.8493,166.9804,171.3753,178.3836,50.0115,,26.8052,,4.7793
904,45.200000,0,175.8713,167.2807,171.1792,178.5515,49.9497,,27.0798,,4.8968
905,45.250000,0,175.6099,167.8458,171.2137,178.4587,49.7362,,27.2426,,4.8782
906,45.300000,0,175.4379,168.1077,171.2918,178.2346,50.1615,,27.2127,,4.8696
907,45.350000,0,175.7825,169.1142,171.3799,178.0219,50.0932,,26.8074,,4.9626
908,45.400000,0,176.2938,169.9228,171.4335,177.6983,50.3025,,26.7006,,5.0038
909,45.450000,0,176.5650,170.3037,171.4855,177.3987,50.1772,,26.6062,,4.9932
910,45.500000,0,176.7461,170.3886,171.4176,176.8747,50.0529,,26.4844,,5.1126
911,45.550000,0,176.3574,170.3131,171.4974,176.8150,50.4588,,26.3471,,5.0746
912,45.600000,0,176.6061,170.6494,171.4314,176.6521,50.3689,,26.0258,,5.1427
913,45.650000,0,176.7543,171.4088,171.3795,176.7743,50.5954,,26.4474,,5.0208
914,45.700000,0,176.8495,170.4194,171.4218,176.8518,50.8625,,26.2784,,4.9713
915,45.750000,0,176.6895,170.8483,171.4977,176.5335,51.2039,,26.2460,,4.8911
916,45.800000,0,176.8839,171.2469,171.3127,176.5789,51.3517,,26.4109,,4.8420
917,45.850000,0,176.9491,171.4113,171.3842,176.4672,51.4889,,26.2591,,4.9301
918,45.900000,0,177.0859,171.5353,171.4498,176.3878,51.3392,,26.2083,,4.9298
919,45.950000,0,176.7652,170.6106,171.4071,176.7888,51.1544,,26.6110,,4.9032
920,46.000000,0,176.6129,,171.4484,176.5133,51.2312,,26.5080,,4.9776
921,46.050000,0,176.8132,170.5142,171.5579,176.0601,51.2422,,26.6470,,4.8986
922,46.100000,0,177.1683,171.6114,171.6049,175.7543,51.0671,,26.4725,,4.8355
923,46.150000,0,177.4500,172.0572,171.4059,175.7198,51.1759,,26.1650,,4.7919
924,46.200000,0,177.0930,171.5220,171.5036,176.1466,51.1881,,26.1262,,4.6683
925,46.250000,0,177.1045,172.0673,171.4975,175.6224,50.9017,,26.0658,,4.7944
926,46.300000,0,176.9608,171.7855,171.5414,175.8844,50.8027,,26.1255,,4.7110
927,46.350000,0,176.8714,171.9943,171.4142,175.7290,50.8513,,25.9670,,4.7544
928,46.400000,0,176.6359,172.1532,171.6109,175.4224,50.7589,,25.9609,,4.8000
929,46.450000,0,176.4843,171.8371,171.6243,175.6512,50.6576,,25.8928,,4.8014
930,46.500000,0,176.2643,170.6701,171.6774,176.0221,50.5017,,26.2897,,4.7323
931,46.550000,0,176.4710,170.8831,171.7800,176.2782,50.4633,,26.2775,,4.6293
932,46.600000,0,176.2160,170.2494,171.9415,176.8443,50.2515,,26.5294,,4.5461
933,46.650000,0,176.4015,170.5212,172.0757,176.7631,50.3205,,26.3991,,4.5792
934,46.700000,0,176.4451,170.4176,172.2043,176.8822,50.1141,,26.4947,,4.5844
935,46.750000,0,176.5214,170.5836,172.3371,176.5678,50.2007,,26.5245,,4.6982
936,46.800000,0,176.2271,168.9888,172.0729,177.4244,50.3930,,26.7023,,4.7435
937,46.850000,0,176.0141,167.4632,171.9905,177.8172,50.3968,,26.9695,,4.7881
938,46.900000,0,175.7844,167.2132,171.8818,177.9234,50.6359,,26.8937,,4.9145
939,46.950000,0,175.2817,167.2127,171.9268,177.9648,50.5577,,27.0854,,4.9336
940,47.000000,0,174.9400,165.8384,171.9961,177.7753,50.4242,,27.0806,,4.6847
941,47.050000,0,174.9150,164.7329,172.1969,177.0905,50.6335,,26.9224,,4.5885
942,47.100000,0,175.1819,165.7535,172.1625,177.6900,50.5841,,27.1670,,4.5806
943,47.150000,0,175.3693,166.5664,172.0419,178.1409,50.4729,,27.6259,,4.6430
944,47.200000,0,175.0201,166.3720,172.0305,178.0462,50.7720,,27.3617,,4.4779
945,47.250000,0,175.0355,166.4998,172.2290,177.9786,50.8739,,27.8074,,4.4095
946,47.300000,0,174.9233,166.7371,172.1706,177.9535,51.1691,,27.4834,,4.4428
947,47.350000,0,175.0372,166.9974,172.2693,177.8930,51.1927,,27.4918,,4.3859
948,47.400000,0,175.2250,167.1015,172.2265,177.7903,50.9634,,27.2566,,4.2642
949,47.450000,0,174.3835,167.0338,172.2229,177.9501,51.4079,,27.5074,,4.3262
950,47.500000,0,173.8811,166.9744,172.2095,177.9040,51.8712,,27.5331,,4.3644
951,47.550000,0,173.7043,166.5089,172.1373,177.8824,52.0137,,27.5175,,4.4054
952,47.600000,0,174.1004,167.4087,172.1407,177.8578,51.9548,,27.4277,,4.3931
953,47.650000,0,174.1943,167.5209,172.1371,178.0826,51.6535,,27.7095,,4.3607
954,47.700000,0,174.1641,167.8464,172.1101,177.8062,51.6339,,27.6500,,4.3272
955,47.750000,0,173.9865,167.1775,172.3959,177.7868,51.6199,,27.7671,,4.1130
956,47.800000,0,174.2734,165.8336,172.3535,177.7350,51.5121,,27.9774,,4.0560
957,47.850000,0,174.4562,166.3398,172.2360,177.9464,51.8819,,27.9278,,3.9891
958,47.900000,0,174.4401,166.4442,172.1290,177.9042,51.9219,,27.4801,,4.0088
959,47.950000,0,174.4615,165.1613,172.1389,177.7760,52.0409,,27.2322,,3.9290
960,48.000000,0,174.5411,165.9803,172.1596,177.8875,52.2253,,27.1176,,3.9956
961,48.050000,0,174.9091,167.0872,172.5636,177.7623,52.4125,,27.3135,,3.5783
962,48.100000,0,174.9362,167.2290,172.7418,177.5507,52.9179,,26.7531,,3.2598
963,48.150000,0,175.1815,167.2905,173.4230,176.9968,53.9752,,26.3390,,2.7109
964,48.200000,0,174.7900,167.0773,173.9055,176.2171,55.4171,,25.7723,,1.9863
965,48.250000,0,173.9374,165.9604,173.8279,173.6893,57.2078,,26.5127,,1.4372
